Date,total_sales,total_cost_of_sales,Quantity Sold,unit_selling_price,unit_cost_price,gross_profit,daily_gross_profit_percentage
2013-12-30,223937.96786972653,230079.62101244804,6827,32.801811611209395,33.701423906906115,-6141.653142721509,-0.0274256893600747
2013-12-31,300345.48456398566,306986.1204842832,9268,32.40672038886336,33.12323268065205,-6640.635920297529,-0.02210999086581176
2014-01-01,86782.4677274178,87986.31821444989,2678,32.40570116781844,32.85523458343909,-1203.8504870320903,-0.01387204718369341
2014-01-02,200173.11675267716,202881.17770623261,6175,32.41669906925946,32.855251450402044,-2708.060953555454,-0.01352859463591899
2014-01-03,326906.07417633064,333806.2918733548,10084,32.41829375013196,33.10256761933309,-6900.217697024171,-0.021107646024656753
2014-01-04,307043.9354221619,313652.34827236354,9470,32.42280205091467,33.120628117461834,-6608.412850201654,-0.0215226945978125
2014-01-05,179188.88448780973,183083.28498402698,5524,32.43824845905317,33.1432449283177,-3894.4004962172476,-0.02173349372283293
2014-01-06,306351.9508589919,313446.068148843,9448,32.42505830429635,33.17591745859897,-7094.117289851129,-0.023156755718250408
2014-01-07,224020.40996847834,229533.97372837967,6911,32.41504991585564,33.21284527975397,-5513.563759901328,-0.024611881393651298
2014-01-08,101836.4022362371,99381.96751722493,2990,34.05899740342378,33.23811622649663,2454.434719012177,0.024101742256353982
2014-01-09,107804.30494723172,104816.45851255264,3159,34.126085769937234,33.180265436072375,2987.846434679086,0.0277154649449443
2014-01-10,144829.95672393017,141333.99628349254,4246,34.109740161076346,33.28638631264544,3495.9604404376296,0.024138379376177733
2014-01-11,146571.48235324016,143179.66998839285,4297,34.1101890512544,33.3208447727235,3391.812364847312,0.02314101154188355
2014-01-12,95422.3729783171,93126.14723834406,2796,34.12817345433373,33.30691961314165,2296.2257399730443,0.024063808814467624
2014-01-13,114883.17379115624,112186.30866305273,3369,34.10008126778161,33.29958701782509,2696.8651281035127,0.023474848745092022
2014-01-14,80090.80007989271,78096.76018225115,2348,34.110221499102515,33.260971116802025,1994.03989764156,0.024897240327883503
2014-01-15,98945.37115907783,97159.00258686997,2903,34.083834364132905,33.468481772948664,1786.3685722078517,0.018054089355386282
2014-01-16,84904.90171410782,83350.43315882455,2491,34.084665481376085,33.46063153706325,1554.468555283267,0.018308348798488465
2014-01-17,135460.61970398517,132703.33541977167,3968,34.13826101410917,33.4433809021602,2757.2842842134996,0.02035487723471844
2014-01-18,149925.74968577514,146928.41178089235,4393,34.12832908849878,33.44603045319653,2997.337904882792,0.01999214885478193
2014-01-19,74297.30718418294,72782.28432140293,2176,34.14398308096642,33.44774095652708,1515.0228627800097,0.020391356298072417
2014-01-20,83356.4245612027,81789.13612235275,2443,34.12051762636214,33.47897508078295,1567.2884388499515,0.018802251261379414
2014-01-21,89922.01428617258,88388.91606915972,2638,34.087192678609775,33.50603338482173,1533.0982170128555,0.017049197898679657
2014-01-22,57806.30278009904,57157.2825440923,1704,33.92388660803934,33.543006187847595,649.0202360067415,0.011227499507721147
2014-01-23,63977.75034892355,62863.98723906299,1872,34.17614869066429,33.581189764456724,1113.7631098605634,0.017408600705499842
2014-01-24,116958.79984795197,114823.79522381267,3423,34.16850711304469,33.54478388075159,2135.0046241392993,0.018254330814909476
2014-01-25,155272.82480548017,152636.27656236594,4544,34.170956163177856,33.590729877281234,2636.54824311423,0.016980100970129166
2014-01-26,82885.21590976272,81583.16694985318,2426,34.16538166107284,33.6286755770211,1302.0489599095308,0.015709061569280026
2014-01-27,72353.4258824533,71377.15645543634,2117,34.17733863129585,33.716181603890576,976.2694270169595,0.013493064289768734
2014-01-28,50415.903762389156,49769.09824300322,1476,34.15711637018236,33.71890124864717,646.8055193859327,0.012829394518728375
2014-01-29,67458.30189127379,66529.44199653144,1974,34.17340521341124,33.70285815427125,928.8598947423452,0.013769393368950188
2014-01-30,64640.3693131938,63757.83986845208,1892,34.16510005982759,33.698646864932385,882.5294447417182,0.013652914643258147
2014-01-31,137693.8735003314,135609.50758204967,4030,34.16721426807231,33.650001881401906,2084.365918281721,0.01513768089527022
2014-02-01,181209.1284812126,178435.71534579594,5304,34.164616983637366,33.64172612100225,2773.41313541666,0.015305040969303057
2014-02-02,113433.58104545697,111466.51684753725,3320,34.1667412787521,33.57425206251122,1967.0641979197244,0.017341109923448946
2014-02-03,143192.53335617637,140505.63472300323,4191,34.16667462566843,33.525563045336014,2686.898633173143,0.018764237004521494
2014-02-04,130126.64989288137,128496.2877011727,3809,34.16294300154407,33.734914072242766,1630.3621917086712,0.012529041461151616
2014-02-05,187155.86854573974,195078.60333094277,5764,32.469789824035345,33.84431008517397,-7922.734785203036,-0.042332280824348124
2014-02-06,102314.70959650404,101977.98995528856,3028,33.789534212848096,33.6783322177307,336.71964121547353,0.003291018882264206
2014-02-07,301553.8425550869,313529.1877487157,9284,32.481025695291564,33.77091638827183,-11975.345193628804,-0.03971212932377469
2014-02-08,316073.1775493943,329754.7794635822,9737,32.46104319085902,33.86615789910467,-13681.601914187893,-0.04328618461163096
2014-02-09,135178.0425545823,141530.70868329128,4163,32.47130496146584,33.99728769716341,-6352.666128708981,-0.04699480780056344
2014-02-10,147727.5161863135,154828.68457507665,4552,32.45332077906711,34.01333140928749,-7101.168388763152,-0.04806936833492265
2014-02-11,135498.74644438608,139824.1616410127,4172,32.47812714390846,33.514899722198635,-4325.415196626622,-0.03192217869264155
2014-02-12,163432.8452052823,166893.3689190051,5037,32.446465198586914,33.133485987493565,-3460.523713722796,-0.02117397949828355
2014-02-13,138291.63332158606,141027.43445568127,4259,32.470446894009406,33.11280452117428,-2735.801134095207,-0.019782839123270182
2014-02-14,336901.37170009944,343519.87554694666,10381,32.4536529910509,33.09121236363998,-6618.503846847219,-0.01964522677200268
2014-02-15,367729.26821441203,373973.5933348522,11332,32.45051784454748,33.001552535726454,-6244.32512044016,-0.016980767265985693
2014-02-16,133913.8413873911,136797.07737015275,4127,32.44822907375602,33.14685664408838,-2883.23598276166,-0.021530530025054874
2014-02-17,150800.3470166623,152887.1063994804,4649,32.43715788699985,32.88601987513022,-2086.759382818098,-0.013837895098394745
2014-02-18,55591.93033577391,53463.2442119933,1627,34.16836529549718,32.86001488137265,2128.686123780615,0.038291279164501084
2014-02-19,106427.191838824,107736.44407595859,3281,32.4374251261274,32.836465734824316,-1309.252237134584,-0.012301858336329576
2014-02-20,78940.55442479794,75934.39482203958,2310,34.17340018389521,32.872032390493324,3006.1596027583582,0.038081308456253
2014-02-21,317916.3178585343,322089.78895544185,9802,32.43382145057481,32.85959895485022,-4173.471096907568,-0.013127577486490233
2014-02-22,309217.8755625262,320116.92432327796,9772,31.643253741560194,32.75858824429778,-10899.048760751728,-0.03524714973519653
2014-02-23,138491.5499504623,140752.60159166716,4270,32.43361825537759,32.963138546057884,-2261.05164120486,-0.016326278693636013
2014-02-24,133146.22220523606,134505.40422379476,4106,32.427233854173416,32.75825723911222,-1359.1820185586985,-0.010208190634681393
2014-02-25,224994.65618289215,227546.44655960065,6937,32.43399973805567,32.80185188980837,-2551.7903767084936,-0.011341559928579865
2014-02-26,225051.59146803216,228214.1421194314,6934,32.45624336141219,32.91233661947381,-3162.550651399244,-0.014052558485677156
2014-02-27,344299.68244113005,365935.6529559262,11082,31.06837055054413,33.02072306045174,-21635.97051479615,-0.06284051835713084
2014-02-28,661876.4999996495,686656.7909921708,20805,31.813338139853375,33.004411967900545,-24780.29099252133,-0.03743944828458852
2014-03-01,846678.388160804,872081.5850035211,26410,32.05900750324892,33.020885460186335,-25403.196842717007,-0.03000336042342957
2014-03-02,478902.30487182323,495554.4499238885,15004,31.91830877578134,33.02815582004055,-16652.145052065258,-0.03477148654885291
2014-03-03,538827.2021325426,557567.1369848134,16884,31.913480344263363,33.02340304340283,-18739.93485227076,-0.03477911801427769
2014-03-04,310346.1212875447,323325.0299270246,9789,31.70355718536569,33.02942383563435,-12978.908639479894,-0.04182075350461544
2014-03-05,256390.52221047232,267308.50708271045,8079,31.73542792554429,33.086830929905986,-10917.984872238128,-0.04258341836550221
2014-03-06,167803.65977609382,168135.6900061219,5072,33.08431777919831,33.14978115262656,-332.03023002808914,-0.001978682887316811
2014-03-07,465318.02151156624,483774.59671529237,14551,31.97842220545435,33.24682817093618,-18456.575203726126,-0.039664432389209234
2014-03-08,520146.74963959056,541498.9582445963,16262,31.98541075141991,33.298423210219916,-21352.208605005697,-0.04105035476968881
2014-03-09,224699.25281941216,233589.98296832,7014,32.035821616682654,33.30339078533219,-8890.730148907838,-0.03956724393762538
2014-03-10,286230.6788963384,297642.8914364595,8932,32.04553055265768,33.32320772911548,-11412.212540121109,-0.039870682570173295
2014-03-11,187143.0180625835,191499.04281320787,5737,32.620362221123145,33.37964838996128,-4356.024750624376,-0.02327644811823893
2014-03-12,191700.3891282347,197153.4240190601,5903,32.47507862582326,33.398852112325955,-5453.0348908253945,-0.028445612007483616
2014-03-13,164663.9676028023,168975.17404544077,5056,32.568031567009946,33.4207227146837,-4311.206442638475,-0.026181844792163903
2014-03-14,395941.3451321622,406765.91395402345,12167,32.5422326894191,33.431898903100475,-10824.568821861234,-0.02733881913304122
2014-03-15,518183.2103749144,534383.1431186085,15971,32.44525767797348,33.45959195533207,-16199.93274369411,-0.03126294410807556
2014-03-16,226617.95494027078,233191.10456622293,6968,32.522668619441845,33.46600237747172,-6573.149625952152,-0.029005422927254918
2014-03-17,243707.871947377,250794.22126409467,7494,32.520399245713506,33.46600230372227,-7086.349316717678,-0.029077227830571716
2014-03-18,94849.7437997705,90571.58892297688,2707,35.03869368295918,33.45828922163904,4278.154876793618,0.0451045485776417
2014-03-19,92386.78306657562,88255.8409917939,2637,35.03480586521639,33.4682749305248,4130.94207478172,0.04471356115738857
2014-03-20,180394.82770444016,172344.3044394809,5149,35.03492478237331,33.471412786848106,8050.523264959251,0.04462723996803983
2014-03-21,200939.69236394396,192019.14427492704,5735,35.03743546014716,33.481978077581,8920.548089016927,0.04439415619717354
2014-03-22,172953.92471044016,165201.30501850985,4936,35.039287826264214,33.468659849779144,7752.619691930304,0.04482476882157926
2014-03-23,70194.79953786121,67061.62270944688,2003,35.04483252015038,33.48059046901991,3133.1768284143327,0.044635455176766765
2014-03-24,81378.21463167097,77703.6463336835,2323,35.03151727579465,33.449697087250755,3674.568297987469,0.045154201460662076
2014-03-25,130227.01471457879,127394.28924213616,3822,34.07300228010958,33.33183915283521,2832.725472442631,0.02175221077324988
2014-03-26,125310.0364078538,122275.10258217747,3666,34.1816793256557,33.35381958051759,3034.9338256763294,0.02421939944058715
2014-03-27,119452.33963454989,118186.57504122709,3543,33.71502671028786,33.35776885160234,1265.764593322805,0.010596398506678564
2014-03-28,276174.76932028367,271550.89558082254,8130,33.96983632475814,33.401094167382844,4623.8737394611235,0.016742563959920444
2014-03-29,357369.2669406512,352250.83007461776,10518,33.97692212784286,33.490286183173396,5118.436866033473,0.014322543485205454
2014-03-30,163865.4902727038,160525.42687771353,4791,34.20277400807844,33.50562030426081,3340.063394990284,0.02038295793355742
2014-03-31,190719.6145286,187072.5952299383,5583,34.16077637983163,33.507539894311,3647.019298661704,0.019122413327417893
2014-04-01,244535.20522546367,239700.6847975987,7155,34.17682812375453,33.501143926987936,4834.520427864976,0.019770242993876915
2014-04-02,155620.50378882745,153366.01881055222,4575,34.01541066422458,33.522627062415786,2254.484978275228,0.014487069013312663
2014-04-03,136001.97816007744,134523.06863372037,3997,34.02601405055728,33.65600916530407,1478.909526357078,0.010874176584522673
2014-04-04,190559.88751276743,187742.30001175258,5558,34.28569404691749,33.778751351520796,2817.5875010148447,0.014785837343790768
2014-04-05,217110.50252912124,213540.73418419377,6320,34.352927615367285,33.7880908519294,3569.7683449274627,0.016442172549661186
2014-04-06,119190.09998255635,116856.31461341622,3447,34.5779228263871,33.90087456147845,2333.785369140125,0.019580362542540683
2014-04-07,131910.19745153244,130784.44470906522,3854,34.22682860704007,33.93472877765055,1125.7527424672153,0.008534235898485778
2014-04-08,118921.30767625879,115305.80518544574,3394,35.038688178037354,33.97342521668997,3615.5024908130436,0.030402478424266733
2014-04-09,124828.28283680881,121264.70311816283,3563,35.034600852317936,34.03443814711278,3563.579718645982,0.028547855002577747
2014-04-10,179326.49022809637,183278.50242698644,5380,33.33206138068706,34.06663613884506,-3952.0121988900646,-0.02203808368670606
2014-04-11,318949.81705616,326322.52601226023,9573,33.31764515367806,34.087801735324376,-7372.708956100221,-0.023115576688987567
2014-04-12,375031.109322689,383727.1940129243,11250,33.33609860646124,34.10908391225993,-8696.084690235264,-0.02318763556959449
2014-04-13,166393.54070527272,170061.86414652268,4990,33.34539893893241,34.08053389709873,-3668.3234412499587,-0.022046068769866114
2014-04-14,193652.32776782895,198212.06872996836,5810,33.33086536451445,34.11567448020109,-4559.740962139418,-0.023546016795657224
2014-04-15,249805.51721349137,255956.65403528852,7497,33.32073058736713,34.141210355514005,-6151.136821797147,-0.02462370283255273
2014-04-16,294023.41088805016,301522.3522543714,8821,33.33220846707291,34.18233219072343,-7498.941366321233,-0.025504572386504505
2014-04-17,612236.0057972377,627927.7586733897,18366,33.33529379272775,34.189685215800374,-15691.752876151935,-0.025630235281112787
2014-04-18,464815.51786854694,476692.5436944089,13940,33.3440113248599,34.1960217858256,-11877.025825861958,-0.025552128466633645
2014-04-19,360480.94044953777,369765.6127632247,10814,33.334653268867925,34.19323217710604,-9284.672313686926,-0.025756347345600228
2014-04-20,114279.57725376953,117190.8261541667,3429,33.32737744350234,34.17638558010111,-2911.2489003971714,-0.025474795850289545
2014-04-21,161170.82040273017,165415.08384550374,4834,33.341088209087744,34.219090576231636,-4244.263442773576,-0.026333944520280417
2014-04-22,182483.14649530518,187344.73717165823,5475,33.33025506763565,34.21821683500607,-4861.590676353051,-0.02664131329233808
2014-04-23,109358.41252901952,106849.89879556595,3121,35.03954262384477,34.23578942504516,2508.5137334535684,0.022938461481304927
2014-04-24,98430.1141092905,96197.48223143081,2809,35.04098045898558,34.24616668972261,2232.6318778596906,0.02268240668075137
2014-04-25,295741.3469618826,292327.02825568395,8537,34.642303732210685,34.24236010960337,3414.3187061986537,0.011544948791481352
2014-04-26,285053.9799331276,281159.581123413,8209,34.724568148754734,34.25016215414947,3894.398809714592,0.013661969605294411
2014-04-27,124964.7964680588,123042.15895289756,3592,34.78975402785601,34.25449859490467,1922.6375151612447,0.01538543309397278
2014-04-28,124175.8083521588,122516.06570420253,3576,34.72477862196834,34.26064477186871,1659.742647956271,0.013366070815092192
2014-04-29,131842.57163224378,130405.26385817112,3807,34.63161850072072,34.254075087515396,1437.3077740726585,0.010901697048824453
2014-04-30,154850.05725768136,150644.34824066723,4398,35.20919901266061,34.25292138259828,4205.709017014131,0.027159880283515403
2014-05-01,180294.26873002757,175656.65039321326,5124,35.1862351151498,34.28115737572468,4637.61833681431,0.02572249450568323
2014-05-02,163849.03582968138,157300.625596072,4581,35.76708924463684,34.33761746257848,6548.410233609378,0.0399661200351301
2014-05-03,131436.79244744137,127601.94472593981,3697,35.55228359411452,34.51499722097371,3834.847721501559,0.029176364167856794
2014-05-04,93082.04395689281,91601.50654339502,2642,35.23165933266193,34.67127424049774,1480.53741349779,0.015905725213591584
2014-05-05,110887.01329721222,109460.1532226706,3154,35.15758189512119,34.705184915241155,1426.8600745416188,0.012867693268256609
2014-05-06,119385.57536795686,115693.10664184783,3324,35.91623807700267,34.80538707636818,3692.4687261090294,0.030928935214564367
2014-05-07,91719.58937883745,93157.1705825259,2677,34.26208045529976,34.799092485067575,-1437.5812036884454,-0.015673655032957878
2014-05-08,96335.44895138746,93696.21613721379,2683,35.90586990361068,34.922182682524706,2639.2328141736652,0.027396278762405187
2014-05-09,303226.29835425445,325836.9401138924,9328,32.50710745650241,34.93106133296445,-22610.641759637918,-0.07456688909357811
2014-05-10,431695.70916738006,465253.815715588,13306,32.443687747435746,34.96571589625643,-33558.10654820793,-0.07773555732794311
2014-05-11,200407.27706754216,215907.8249128291,6173,32.46513479143725,34.976158255763664,-15500.547845286928,-0.07734523452490631
2014-05-12,183413.70834773596,197835.4950837978,5653,32.44537561431735,34.99654963449457,-14421.786736061855,-0.07862981925385555
2014-05-13,146166.6011247823,157693.18930052698,4503,32.45982703193033,35.01958456596202,-11526.588175744691,-0.0788592475096582
2014-05-14,201120.72764081473,218098.76188801107,6253,32.16387776120498,34.879059953304186,-16978.034247196338,-0.08441712819137034
2014-05-15,270123.5508233284,289864.79847427225,8408,32.126968461385395,34.47488088419033,-19741.24765094387,-0.07308228990316894
2014-05-16,415315.38394824736,441790.76722722733,12949,32.07316271127094,34.11775173582727,-26475.383278979978,-0.06374765853190521
2014-05-17,498716.9975550141,526707.3769616452,15508,32.15869213019178,33.963591498687464,-27990.37940663111,-0.056124775261030595
2014-05-18,166433.17212925974,174376.63247461844,5141,32.37369619320361,33.918815886912746,-7943.460345358704,-0.04772762691315793
2014-05-19,168520.6293674285,175540.11551824523,5194,32.445250167005874,33.79671072742496,-7019.486150816723,-0.04165357189304114
2014-05-20,178123.53210953472,187748.1722021974,5550,32.094330109826075,33.82849949589142,-9624.640092662681,-0.05403351246563051
2014-05-21,194878.80263463093,204460.6653774428,6070,32.10523931377775,33.683799897437034,-9581.862742811878,-0.04916831699123511
2014-05-22,115475.09689625975,115011.32260883169,3421,33.754778397035885,33.619211519681876,463.7742874280666,0.004016227739949082
2014-05-23,430521.02453865507,449274.1862583655,13384,32.16684283761619,33.5680055482939,-18753.16171971045,-0.043559223942213454
2014-05-24,590642.8256606437,614245.7941495274,18356,32.17709880478556,33.462943677790776,-23602.968488883693,-0.039961491892301214
2014-05-25,210764.71795229093,217364.46301139216,6500,32.42534122342937,33.44068661713725,-6599.745059101231,-0.03131332949471724
2014-05-26,218189.34852144716,225607.5951852721,6752,32.314773181493955,33.41344715421684,-7418.246663824946,-0.0339991237615147
2014-05-27,226132.46392936216,234496.51283165644,7023,32.19884151065957,33.38979251483076,-8364.048902294278,-0.03698738675976656
2014-05-28,243720.86804506715,252929.29469238102,7579,32.15739121850734,33.372383519248054,-9208.42664731387,-0.03778267622783582
2014-05-29,207429.42904813593,215118.84649511724,6448,32.16957646528163,33.36210398497476,-7689.417446981301,-0.03707004103644763
2014-05-30,503149.4313453478,521651.08612557297,15637,32.1768517839322,33.36004899440896,-18501.654780225188,-0.03677168973589909
2014-05-31,603748.7895260763,626259.3868488161,18775,32.15705936224108,33.35602593069593,-22510.597322739777,-0.03728470799984524
2014-06-01,456017.4630926764,473223.9807315766,14188,32.141067316935185,33.35381877160816,-17206.5176389002,-0.037732146313447915
2014-06-02,425845.1960447211,442155.99116118724,13256,32.12471303898017,33.35515926080169,-16310.79511646612,-0.03830217005607175
2014-06-03,328217.769952647,340913.591725203,10223,32.10581727014056,33.347705343363295,-12695.821772555995,-0.03868109205174254
2014-06-04,286405.9988025032,296902.67253080226,8904,32.16599267772947,33.34486439025183,-10496.673728299036,-0.03664962944975611
2014-06-05,184989.88866687592,192824.89012846403,5783,31.988567986663657,33.34340137099499,-7835.001461588108,-0.04235367412808782
2014-06-06,288118.3044474556,300213.5594066618,9005,31.99536973319885,33.33854074477088,-12095.254959206155,-0.0419801684672623
2014-06-07,391930.8780096609,407438.9196005409,12222,32.06765488542472,33.33651772218466,-15508.041590879962,-0.03956830773230808
2014-06-08,193772.58110879714,201254.71251154633,6037,32.09749562842424,33.336874691327864,-7482.13140274919,-0.03861295215213246
2014-06-09,214177.98344261837,220255.2191788284,6607,32.416828128139606,33.336645857246616,-6077.235736210045,-0.028374698643281564
2014-06-10,188334.52117067974,195254.78100370185,5857,32.15545862569229,33.33699522002763,-6920.259833022108,-0.036744510724884924
2014-06-11,174324.99481545974,180978.6010382294,5429,32.10996404779144,33.33553159665305,-6653.606222769653,-0.038167826878831426
2014-06-12,200271.56431625973,207757.70297321578,6232,32.13600197629328,33.33724373767904,-7486.138656956056,-0.037379937998258644
2014-06-13,468701.63017391367,486180.5443618799,14585,32.135867684190174,33.33428483797599,-17478.914187966206,-0.0372921984109178
2014-06-14,473425.7541569488,492135.2922944348,14745,32.107545212407516,33.37641860253881,-18709.53813748597,-0.039519476862434136
2014-06-15,224232.1213750946,233554.0322464338,6991,32.07439870906803,33.407814654045744,-9321.910871339205,-0.04157259367735967
2014-06-16,185606.27501469472,193340.31536521245,5788,32.067428302469715,33.403648128060205,-7734.040350517724,-0.041669067222567815
2014-06-17,212687.50941481217,221403.64501724,6632,32.06988983938663,33.384144302961396,-8716.135602427821,-0.04098094724231514
2014-06-18,184259.69242149973,192057.5108470778,5752,32.03402163099786,33.38969242821241,-7797.818425578065,-0.042319719104601104
2014-06-19,113735.8161577795,119544.0197640804,3578,31.78753945158734,33.41084957073237,-5808.2036063009,-0.0510674983704649
2014-06-20,203165.08297513984,205350.6430787224,6119,33.20233420087266,33.55951022695251,-2185.5601035825675,-0.010757557704194683
2014-06-21,203345.24456475486,206918.9125938658,6161,33.005233657645654,33.58528040802886,-3573.668029110937,-0.017574387032065115
2014-06-22,134944.48896695639,135372.52702503128,4015,33.610084425144805,33.71669415318338,-428.0380580748897,-0.0031719565678573402
2014-06-23,138298.21024496638,139206.02689008065,4133,33.461942957891694,33.68159373096556,-907.8166451142752,-0.006564196626306788
2014-06-24,36692.67986190049,35299.064235203216,1047,35.04553950515806,33.71448351022275,1393.6156266972757,0.03798075343481041
2014-06-25,56077.54269213074,53925.25763103767,1601,35.02657257472251,33.68223462275932,2152.285061093069,0.038380516651902
2014-06-26,55780.707452340735,53688.24119505065,1592,35.03813282182207,33.72376959488106,2092.466257290085,0.03751236498887894
2014-06-27,131721.2383167888,127302.42713472138,3759,35.04156379802841,33.866035417590155,4418.811182067424,0.03354668722017484
2014-06-28,146169.07657195258,141012.32941184982,4172,35.03573263949007,33.79969544866966,5156.747160102765,0.03527933049207112
2014-06-29,62073.58541298098,60083.86983686743,1772,35.030240075045704,33.90737575443986,1989.715576113551,0.0320541428834149
2014-06-30,93619.84699129574,90294.37608768833,2672,35.037367885963974,33.792805422039045,3325.4709036074055,0.03552100340344062
2014-07-01,180183.03135601137,173842.92092590587,5143,35.03461624655092,33.80185123972504,6340.110430105502,0.03518705608619998
2014-07-02,104760.70623579,101615.73201573636,2990,35.03702549691973,33.985194654092425,3144.974220053642,0.03002055191356859
2014-07-03,93450.5336849105,90927.08965764765,2667,35.03957018556824,34.0933969469995,2523.4440272628417,0.02700299214738785
2014-07-04,98087.55590394074,95423.27398722722,2799,35.04378560340862,34.09191639415049,2664.2819167135167,0.027162282637796638
2014-07-05,117562.26290534917,114395.62762744626,3355,35.04091293751093,34.09705741503614,3166.635277902911,0.026935814262544506
2014-07-06,70153.08097215135,68252.24220948873,2002,35.04149898708859,34.0920290756687,1900.8387626626209,0.027095584916893335
2014-07-07,68918.41528749111,66990.88135215205,1967,35.03732348118511,34.057387570997484,1927.533935339059,0.027968343835220368
2014-07-08,108417.40283335964,105373.30003337098,3094,35.041177386347655,34.057304471031344,3044.1027999886574,0.02807762149281073
2014-07-09,81802.6082085011,79496.49424396551,2335,35.03323692012895,34.04560781326146,2306.113964535587,0.028191203374074457
2014-07-10,103998.55973343049,101270.97105094598,2968,35.039946001829684,34.120947119590966,2727.5886824845074,0.02622717746741756
2014-07-11,134018.08926347757,130633.26271454827,3825,35.037408957771916,34.152486984195626,3384.826548929297,0.025256490131528277
2014-07-12,99277.29950301051,96688.49781301751,2833,35.043169609251855,34.129367388993124,2588.8016899929935,0.026076471690434026
2014-07-13,49705.23199992073,48370.308994006264,1419,35.028352360761616,34.08760323749561,1334.9230059144684,0.026856790567170018
2014-07-14,75384.57455073134,73393.44659366891,2151,35.04629221326422,34.12061673345835,1991.127957062432,0.026412936186599664
2014-07-15,110288.23417419061,107437.3809516128,3148,35.03438188506691,34.1287741269418,2850.853222577818,0.025849114766631813
2014-07-16,156536.68620542108,164641.35398748523,4825,32.44283651925826,34.12256041191404,-8104.667782064149,-0.05177487768859817
2014-07-17,80823.05919792122,78844.86050033744,2307,35.03383580317348,34.17635912455025,1978.198697583779,0.02447567213138424
2014-07-18,124615.6856084088,121612.17892455596,3557,35.033929043690975,34.18953582360302,3003.5066838528437,0.024102155913911478
2014-07-19,242758.9505283758,255779.85446049325,7485,32.43272552149309,34.17232524522288,-13020.90393211745,-0.05363717343388108
2014-07-20,85078.24368943609,83020.51412546248,2428,35.04046280454534,34.192962984127874,2057.729563973611,0.02418631926024483
2014-07-21,86738.06742726086,84643.27182721549,2475,35.04568380899428,34.1993017483699,2094.7956000453705,0.02415082168855192
2014-07-22,56673.61581162085,55278.70782923058,1618,35.02695662028483,34.164837966149925,1394.907982390272,0.024613004877381547
2014-07-23,165742.17046423352,173725.35752062302,5106,32.46027623663014,34.02376763036095,-7983.187056389492,-0.048166299705313866
2014-07-24,95618.24880371086,92416.90383823749,2729,35.037833933202954,33.86475039876786,3201.3449654733704,0.0334804810329169
2014-07-25,515698.7957661752,538260.2718039068,15897,32.44000728226553,33.859235818324635,-22561.47603773157,-0.043749328528510364
2014-07-26,562590.3665478406,586670.514084788,17343,32.43904552544777,33.82751047020631,-24080.147536947392,-0.042802274921107636
2014-07-27,266305.92588997324,277238.0103614798,8207,32.44863237358027,33.78067629602533,-10932.08447150659,-0.04105084945057994
2014-07-28,292634.7456928194,304508.379030808,9018,32.45007160044571,33.76673087500643,-11873.633337988576,-0.04057492663722306
2014-07-29,212360.99307795215,221017.07309976683,6548,32.43142838698109,33.753370968198965,-8656.080021814676,-0.04076115814092683
2014-07-30,198019.33209153594,205903.82494520774,6102,32.45154573771484,33.74366190514712,-7884.492853671807,-0.039816783393790765
2014-07-31,295508.3272942658,307222.3954216875,9108,32.44491955360845,33.731049124032445,-11714.06812742172,-0.03964039942521453
2014-08-01,611894.6731809496,636341.3159261962,18867,32.43200684692583,33.727742403466166,-24446.64274524653,-0.03995237059044827
2014-08-02,628685.218828356,653779.9634532441,19384,32.43320361268861,33.72781487067912,-25094.74462488806,-0.03991623132424788
2014-08-03,307272.68372995686,319500.00945712806,9473,32.436681487380646,33.72743686869293,-12227.325727171206,-0.039793077532127956
2014-08-04,362106.5326359408,376645.7509344858,11170,32.417773736431585,33.719404738987095,-14539.21829854499,-0.04015177023376878
2014-08-05,262349.59097271576,272809.2904438099,8091,32.42486602060509,33.717623339983916,-10459.699471094122,-0.0398693187678037
2014-08-06,80697.90350079122,77649.63653325358,2303,35.040340208767354,33.71673318855996,3048.2669675376383,0.03777380619941076
2014-08-07,103272.62271335037,99367.23322268797,2947,35.04330597670525,33.71809746273769,3905.3894906624046,0.03781630976393846
2014-08-08,439421.4220670738,456509.62185022025,13542,32.44878319798212,33.71064996678631,-17088.19978314644,-0.03888795339736094
2014-08-09,408616.3506319135,424340.94938278507,12588,32.46078413027594,33.70995784737727,-15724.598750871548,-0.038482549037878455
2014-08-10,195866.77301944338,203331.43478475648,6032,32.471281999244596,33.708792238852205,-7464.661765313096,-0.03811091411901748
2014-08-11,232347.3531692896,241134.5277944064,7158,32.4598146366708,33.68741656809254,-8787.174625116808,-0.037819129442436226
2014-08-12,190325.18114338472,197438.11163851494,5863,32.462081041000296,33.675270618883665,-7112.930495130218,-0.037372513991049724
2014-08-13,197698.11855084094,205114.12894822727,6092,32.452087746362594,33.669423661888914,-7416.01039738633,-0.037511790459853034
2014-08-14,177908.83560484851,184687.52914036706,5485,32.43552153233337,33.67138179405051,-6778.6935355185415,-0.03810206228640958
2014-08-15,473321.8824517537,491559.42296304414,14587,32.44819924945182,33.69845910489094,-18237.540511290426,-0.03853094730550388
2014-08-16,541600.8921595308,562953.3707736537,16686,32.458401783502985,33.73806608975511,-21352.478614122956,-0.03942474785996751
2014-08-17,239513.979042657,249203.12076822476,7380,32.45446870496708,33.76736053769983,-9689.141725567752,-0.04045334541347222
2014-08-18,255224.22255235323,265532.5462048222,7864,32.45475871723718,33.76558318982988,-10308.323652468971,-0.040389284172878466
2014-08-19,160372.03970902972,167021.15782900868,4941,32.45740532463665,33.803108243069964,-6649.118119978957,-0.041460582106723556
2014-08-20,171587.33225254016,174723.17542794356,5151,33.31146034799848,33.92024372509096,-3135.8431754033954,-0.018275493500814498
2014-08-21,164208.06061259517,167239.64875993136,4928,33.321440871062336,33.936617037323735,-3031.5881473361806,-0.018461871701221773
2014-08-22,376778.83570449764,384006.045320909,11309,33.316724352683494,33.95579143345203,-7227.209616411361,-0.019181570012811334
2014-08-23,453633.473978322,463250.071255098,13613,33.32354910587835,34.02997658525659,-9616.597276775981,-0.021199046870239418
2014-08-24,214392.4008527526,218347.79777692942,6424,33.37366140298141,33.98938321558677,-3955.3969241768355,-0.018449333597851968
2014-08-25,316404.06232243,323293.3966404731,9493,33.330249902289054,34.055977735223124,-6889.334318043082,-0.021773849132893052
2014-08-26,242824.50134045485,259860.5125486858,7619,31.870914994153413,34.10690544017401,-17036.01120823095,-0.07015771108017398
2014-08-27,274712.2532841696,304334.78464343684,8909,30.835363484585205,34.160375422992125,-29622.531359267246,-0.10783112513232135
2014-08-28,258066.16939498458,287168.5660898254,8400,30.72216302321245,34.18673405831255,-29102.396694840834,-0.11277106473533151
2014-08-29,594007.2132037124,660937.8048056035,19317,30.750489889926612,34.21534424629101,-66930.5916018911,-0.11267639536043397
2014-08-30,717096.7128183594,797788.8919762375,23310,30.76347974338736,34.22517769095828,-80692.17915787816,-0.1125262153841688
2014-08-31,358170.996328817,398562.60743015877,11646,30.754851135910783,34.22313304397723,-40391.61110134178,-0.11277186459916615
2014-09-01,594953.6349064388,662850.9907610841,19366,30.721555040092884,34.22756329448953,-67897.35585464537,-0.1141220960274035
2014-09-02,469469.9410251276,523480.3033456417,15291,30.702370088622562,34.234536874347114,-54010.362320514105,-0.1150454110066725
2014-09-03,464067.7993402126,517180.5432955554,15100,30.73296684372269,34.25036710566592,-53112.7439553428,-0.11445039718518658
2014-09-04,312311.9539811907,348177.12054578186,10164,30.727268199644893,34.25591504779436,-35865.16656459117,-0.11483763623966564
2014-09-05,501279.0004444809,558766.690346946,16310,30.734457415357504,34.259147170260334,-57487.68990246509,-0.11468202308792333
2014-09-06,552703.9037581525,616169.8514311365,17985,30.73138191593842,34.26020858666313,-63465.94767298398,-0.11482811545466282
2014-09-07,234153.76221071577,261088.38637296777,7620,30.728840185133304,34.26356776548133,-26934.624162252003,-0.11502964508429911
2014-09-08,244481.4977293058,272633.3998027578,7958,30.721474959701656,34.25903490861495,-28151.902073451987,-0.11514941758342084
2014-09-09,122749.63527830881,120070.95018859745,3503,35.04128897468136,34.276605820324704,2678.685089711362,0.021822346629690674
2014-09-10,78736.40283972122,77071.54270611012,2247,35.04067772128225,34.29975198313757,1664.8601336111024,0.021144731960896845
2014-09-11,70875.11066874111,69489.36084683513,2023,35.03465678138463,34.34965934099611,1385.749821905978,0.019551995176173342
2014-09-12,148634.39140687516,145956.13969592098,4242,35.03875327837698,34.4073879528338,2678.2517109541805,0.018019057942133147
2014-09-13,171724.82878193396,168652.2035714417,4901,35.0387326631165,34.41179424024519,3072.6252104922605,0.017892725427573763
2014-09-14,86435.6988349511,84948.37457716375,2467,35.03676482973291,34.43387700736269,1487.3242577873461,0.01720729140661419
2014-09-15,120236.18270337001,118094.04319314891,3432,35.03385276904721,34.40968624509001,2142.1395102210954,0.017816097135301478
2014-09-16,83204.1966941811,81753.42459354558,2375,35.0333459764973,34.4224945657034,1450.7721006355132,0.017436285166815068
2014-09-17,73768.03473492098,72471.9193234045,2105,35.04419702371543,34.42846523677173,1296.1154115164827,0.017570149674909476
2014-09-18,69425.44511577097,68280.38327689518,1982,35.02797432682693,34.45024383294409,1145.0618388757866,0.016493402915405575
2014-09-19,137154.95408779135,135276.90958604595,3915,35.033193892156156,34.55348903858134,1878.044501745404,0.013692866686705963
2014-09-20,153569.06188021015,151376.13558980462,4383,35.03743141232265,34.53710599813019,2192.926290405536,0.014279740095802003
2014-09-21,75633.32058868634,74546.66825359916,2159,35.031644552425355,34.528331752477605,1086.6523350871867,0.014367375736372657
2014-09-22,90815.92981269087,89653.6375894529,2592,35.037009958599874,34.588594749017325,1162.2922232379642,0.012798329826443536
2014-09-23,110118.15639147014,108880.40896318309,3143,35.036002669891865,34.64219184320174,1237.7474282870535,0.01124017572439971
2014-09-24,209908.3831116397,223554.08660175066,6457,32.508654655666675,34.621974074918796,-13645.703490110958,-0.06500790148458957
2014-09-25,358365.68296879344,382967.98317568295,11039,32.463600232701644,34.692271326721894,-24602.300206889515,-0.06865138425944621
2014-09-26,585463.9960073602,625980.9302094147,18036,32.460855844275905,34.707303737492495,-40516.934202054515,-0.06920482639131434
2014-09-27,617019.0915344206,661010.5912638623,19017,32.44565870192042,34.7589310229722,-43991.49972944171,-0.07129682101090648
2014-09-28,283850.5971054995,304440.6515064546,8747,32.4511943644106,34.80515050948378,-20590.054400955152,-0.07253835155154666
2014-09-29,264317.1103681058,283912.9686974417,8147,32.443489673266946,34.84877484932388,-19595.858329335868,-0.07413768371652277
2014-09-30,358024.9813488259,384823.4398780722,11036,32.441553221169436,34.869829637375155,-26798.458529246273,-0.0748508062992855
2014-10-01,594438.2807802997,639306.5687824654,18330,32.42980255211673,34.877608771547486,-44868.28800216573,-0.07548014563138263
2014-10-02,470507.6630444389,506072.0333414291,14503,32.44209219088732,34.89430003043709,-35564.37029699021,-0.07558722862635119
2014-10-03,518693.52866487246,557939.3692763688,15986,32.446736435935975,34.901749610682394,-39245.8406114963,-0.07566286919467817
2014-10-04,656245.8284286658,705891.3002624522,20223,32.4504686954787,34.90537013610504,-49645.47183378646,-0.0756507236817932
2014-10-05,280055.1177167632,301279.65498243197,8631,32.44758634187965,34.906691574838604,-21224.53726566874,-0.07578700021163122
2014-10-06,375648.0174559537,404178.9210552279,11579,32.44218131582638,34.90620269930287,-28530.90359927423,-0.0759511624538777
2014-10-07,78111.71646312073,74251.87472596546,2127,36.72389114392136,34.90920297412575,3859.841737155264,0.04941437612598912
2014-10-08,70509.13279154037,67141.97962908403,1923,36.666215700229,34.91522601616434,3367.153162456336,0.04775485145181539
2014-10-09,103281.31104757206,98065.93907845089,2809,36.76799966093701,34.91133466658985,5215.371969121174,0.05049676380191319
2014-10-10,179841.43177972364,170757.58117720697,4891,36.76986951129087,34.912611158701075,9083.850602516672,0.05051033297845907
2014-10-11,138038.23975289488,131192.31677147365,3758,36.73183601726846,34.91014283434637,6845.92298142123,0.0495943949566168
2014-10-12,61037.56222997037,57992.34151118769,1661,36.74747876578589,34.91411289054045,3045.220718782679,0.04989092957725349
2014-10-13,86799.75945404172,82392.33326461639,2360,36.77955909069564,34.91200562060016,4407.426189425329,0.050776940133790915
2014-10-14,69570.50146670073,66313.9409792702,1894,36.73204934883883,35.01264043256083,3256.560487430528,0.04680950142337626
2014-10-15,130476.35534524244,124398.43162958851,3548,36.774621010496745,35.06156472085358,6077.923715653931,0.046582568156288945
2014-10-16,95229.77348008122,91087.85133554287,2591,36.75406155155586,35.15548102491041,4141.922144538345,0.04349398295486539
2014-10-17,121057.86128350305,116949.79127421073,3293,36.76218077239692,35.51466482666588,4108.070009292322,0.033934764465000024
2014-10-18,169498.91638532488,164492.9466328486,4611,36.759686919393815,35.67402876444341,5005.969752476289,0.02953393366301015
2014-10-19,90692.37587550195,87911.21158320548,2468,36.74731599493596,35.62042608719833,2781.1642922964675,0.030665910617605978
2014-10-20,101723.91500409231,98870.81187719772,2773,36.683705374717746,35.65481856372078,2853.1031268945953,0.02804751593349328
2014-10-21,103395.69126874243,100424.15574332293,2815,36.730263328150066,35.67465568146463,2971.535525419502,0.028739452185642743
2014-10-22,99075.59909602182,96511.72215753814,2701,36.6810807463983,35.73184826269461,2563.876938483678,0.02587798571875227
2014-10-23,97476.14471957207,94763.84254876594,2651,36.7695755260551,35.74645135751261,2712.302170806128,0.02782529180456528
2014-10-24,248974.6527827964,241961.14324530264,6781,36.71650977478195,35.682221389957625,7013.509537493752,0.028169572521152524
2014-10-25,302721.6833004003,294129.6711231186,8249,36.69798561042555,35.656403336540016,8592.012177281722,0.028382546250430286
2014-10-26,128520.72780395366,124739.23394868796,3502,36.699236951443076,35.61942716981381,3781.4938552656968,0.029423221606976982
2014-10-27,145185.26833608488,140651.93717842025,3949,36.765071748818656,35.617102349561975,4533.331157664623,0.031224456927479414
2014-10-28,89527.5566318617,87067.05131891428,2435,36.76696370918345,35.75648924801408,2460.5053129474254,0.027483217519998344
2014-10-29,81991.88284141109,80112.54801498825,2232,36.73471453468239,35.892718644708,1879.3348264228407,0.022920986337853163
2014-10-30,69704.49111259049,68293.09638979612,1898,36.72523240916254,35.98161032128352,1411.3947227943718,0.02024826091212129
2014-10-31,166652.39481922364,163319.7164706766,4537,36.73184809769091,35.99729258776209,3332.6783485470514,0.019997782523090517
2014-11-01,247453.10218524758,242638.8011974684,6730,36.76866302901153,36.05331369947525,4814.300987779192,0.019455407692464993
2014-11-02,148476.18120917486,145646.33680169418,4038,36.76973284031076,36.06892937139529,2829.8444074806757,0.019059248321412307
2014-11-03,205368.92263440124,201281.239025563,5581,36.797871821250894,36.06544329431338,4087.6836088382406,0.019904100174470675
2014-11-04,99244.68184604915,90949.44225220109,2519,39.398444559765444,36.105376042953985,8295.239593848062,0.08358371894139222
2014-11-05,72756.86310007049,67872.77432688524,1847,39.39191288579886,36.7475767877018,4884.088773185256,0.06712890805184431
2014-11-06,86867.45808059514,84486.0860860636,2309,37.621246461929466,36.58990302557973,2381.371994531539,0.027413856087766666
2014-11-07,140167.80386220515,136539.20329644668,3722,37.6592702477714,36.684364131232314,3628.6005657584756,0.025887546681730465
2014-11-08,160727.30278297895,156700.8249957323,4268,37.658693248120656,36.715282332645806,4026.4777872466366,0.025051610507539988
2014-11-09,74115.62877644549,71994.34639365315,1968,37.66038047583612,36.582493086205865,2121.282382792342,0.028621255972755125
2014-11-10,76103.2915165355,73967.60569443136,2016,37.74964856971007,36.690280602396506,2135.685822104133,0.028062988860870722
2014-11-11,56303.366574580374,54996.86660759073,1497,37.61079931501695,36.73805384608599,1306.4999669896424,0.02320465092010139
2014-11-12,49436.81586452037,48289.892276094746,1314,37.62314753768674,36.75029853584075,1146.9235884256268,0.0231997868060258
2014-11-13,55033.12240398037,53997.21887310759,1466,37.539646933138044,36.833027880700946,1035.9035308727834,0.018823273796252198
2014-11-14,149808.16594472638,146994.89550113154,3984,37.60245129134698,36.896309111729806,2813.27044359484,0.018779152830913314
2014-11-15,180685.5107299103,176898.27782037074,4802,37.62713676174725,36.838458521526604,3787.232909539569,0.02096035755296807
2014-11-16,75871.43676522048,73905.81015882002,2017,37.61598253109592,36.64145273119485,1965.6266064004594,0.025907333381374742
2014-11-17,86313.33408317012,84418.78910931063,2297,37.57654944848503,36.751758428084734,1894.5449738594907,0.021949621040405393
2014-11-18,62631.79875207037,61158.36109019277,1665,37.61669594718941,36.73174840251818,1473.4376618776005,0.023525392711619898
2014-11-19,48529.10336034025,47409.55405646717,1291,37.590320186165954,36.72312475326659,1119.5493038730783,0.023069647414669006
2014-11-20,51040.88136807025,50038.142634161086,1361,37.5024844732331,36.76571832047104,1002.7387339091656,0.019645795821551994
2014-11-21,53973.92224002,47192.49828410188,1281,42.13420939892272,36.84035775495853,6781.423955918122,0.1256426006203771
2014-11-22,47497.98253350988,41179.08824545916,1122,42.333317766051586,36.70150467509729,6318.894288050717,0.13303500382553574
2014-11-23,31219.951528719885,26893.304677301025,737,42.360856891071755,36.49023701126326,4326.64685141886,0.13858595672189586
2014-11-24,26870.323873470003,23516.0417180955,641,41.919382017893916,36.686492539930576,3354.2821553745016,0.12483221903723685
2014-11-25,40530.64229268001,35674.1907631663,968,41.870498236239676,36.85350285451064,4856.45152951371,0.11982172634828449
2014-11-26,30371.43133504988,26054.849168281442,709,42.83699765169236,36.74872943340119,4316.5821667684395,0.14212639895528817
2014-11-27,37776.65876674988,32719.68963642164,880,42.928021325852136,37.181465495933686,5056.969130328242,0.13386491276404958
2014-11-28,46818.20532261,40652.57640885138,1096,42.71734062281934,37.091766796397245,6165.628913758621,0.13169297864523316
2014-11-29,88321.62554976073,79880.24368293647,2068,42.70871641671216,38.62681029155536,8441.38186682426,0.09557548125139922
2014-11-30,101037.8278297916,93177.88470439028,2375,42.54224329675436,39.23279355974328,7859.943125401318,0.07779208336349218
2014-12-01,105100.66764851147,97257.39466572937,2492,42.175227788327234,39.02784697661692,7843.272982782102,0.0746262907578512
2014-12-02,88219.52548812989,85533.42892331851,2170,40.65415921111976,39.41632669277351,2686.096564811378,0.030447869107761157
2014-12-03,71590.36928922037,69654.93030590401,1784,40.12913076750021,39.04424344501346,1935.4389833163586,0.027034907104575935
2014-12-04,54996.62169262025,54503.02854750456,1368,40.202208839634686,39.84139513706474,493.59314511568664,0.008974972096911903
2014-12-05,77884.1816098255,77619.29488939041,1914,40.69183992153892,40.55344560574212,264.8867204350827,0.0034010336240300923
2014-12-06,150370.11672367636,154998.8345818768,3765,39.93894202488084,41.16834915853302,-4628.717858200456,-0.030782165759080285
2014-12-07,104675.37611534917,111903.73790247929,2712,38.59711508678067,41.26244022952776,-7228.361787130125,-0.06905503524692076
2014-12-08,90121.53047506476,91081.66819408616,2222,40.558744588237964,40.990849772316004,-960.1377190213971,-0.01065381062616388
2014-12-09,75425.44369829049,77014.25596030557,1861,40.52952374975308,41.38326489000837,-1588.8122620150825,-0.0210646723984879
2014-12-10,161844.80943567367,169348.51858486477,4095,39.52254198673349,41.35494959337357,-7503.709149191098,-0.04636360705885658
2014-12-11,158603.35696800365,171692.99360653348,4157,38.15332137791764,41.302139429043415,-13089.636638529832,-0.08253064051582787
2014-12-12,279092.09595645015,301236.10987981,7259,38.4477332905979,41.49829313676953,-22144.01392335986,-0.079343034948633
2014-12-13,369350.9894808982,402564.67862758524,9654,38.2588553429561,41.699262339712575,-33213.689146687044,-0.08992446234777114
2014-12-14,177500.10772560866,192327.32065612174,4632,38.32040322228166,41.52144228327326,-14827.21293051308,-0.08353354327781007
2014-12-15,282246.62867828755,304489.638251931,7341,38.4479810214259,41.477950994677975,-22243.009573643445,-0.07880699825469532
2014-12-16,166037.92572951366,179571.12907994096,4308,38.54176548967355,41.68317759515807,-13533.203350427299,-0.08150669969506694
2014-12-17,148910.99836015864,161137.52200304752,3865,38.52807202073962,41.69146752989587,-12226.523642888875,-0.08210624989107654
2014-12-18,202359.14289987122,221435.768649636,5288,38.267614012834954,41.87514535734418,-19076.62574976479,-0.09427113337401337
2014-12-19,274343.6543452338,299516.83776498266,7141,38.41810031441448,41.943262535356766,-25173.18341974885,-0.09175784830827885
2014-12-20,316167.07465857273,346378.3047678482,8268,38.23984937815345,41.89384431154429,-30211.230109275493,-0.0955546371863688
2014-12-21,173833.40012841366,190644.5015686917,4541,38.28086327425978,41.98293362005983,-16811.101440278027,-0.0967081206940633
2014-12-22,204565.08183541152,210188.9094104479,5014,40.798779783687976,41.92040474879296,-5623.827575036383,-0.027491630167660718
2014-12-23,316394.73085730925,326627.1384163756,7778,40.678160305645314,41.99371797587755,-10232.40755906637,-0.032340638326499443
2014-12-24,486230.3201936276,495909.0895633959,11809,41.17455501682002,41.99416458323278,-9678.76936976827,-0.01990572979059383
2014-12-25,137686.5321006064,140525.78674110342,3344,41.17420218319569,42.023261585258204,-2839.2546404970344,-0.020621150065878738
2014-12-26,48102.962409030246,49028.365072183806,1169,41.14881301029106,41.94043205490488,-925.4026631535598,-0.019237955768392268
2014-12-27,110162.13198254806,112383.55924730633,2676,41.16671598749927,41.99684575758832,-2221.4272647582693,-0.020165071470386837
2014-12-28,69051.33709342037,70482.71780296908,1677,41.17551406882551,42.02905056825825,-1431.3807095487136,-0.020729225092516047
2014-12-29,133307.36896282758,136003.48252575178,3237,41.182381514620815,42.015286538693786,-2696.1135629242053,-0.020224790151518256
2014-12-30,216389.50426885503,235723.76475390818,5607,38.59274197768058,42.04097819759375,-19334.26048505315,-0.0893493450635717
2014-12-31,365055.31201272184,398013.34833037213,9464,38.573046493313804,42.055510178610746,-32958.03631765029,-0.09028230855192083
2015-01-01,112161.41961675305,122170.43168462774,2905,38.60978300060346,42.05522605322814,-10009.01206787469,-0.08923756584104156
2015-01-02,271101.46167031274,295019.46942959033,7023,38.601945275567815,42.0076134742404,-23918.007759277592,-0.08822529990031684
2015-01-03,245813.28831212397,267734.7252553707,6371,38.583156225415784,42.02397194402303,-21921.43694324675,-0.08917921847826135
2015-01-04,178394.81199754868,194427.4479735023,4624,38.58019290604427,42.04745847177818,-16032.635975953628,-0.08987164927292803
2015-01-05,220443.63148426503,239988.02746038733,5717,38.559319832825786,41.97796527206355,-19544.395976122294,-0.08865938128730812
2015-01-06,181534.18867267863,197328.9439108107,4705,38.5832494522165,41.940264380618636,-15794.755238132057,-0.08700705555035325
2015-01-07,83176.48139340024,84728.83119663107,2020,41.176475937326856,41.94496593892627,-1552.349803230827,-0.018663326185784056
2015-01-08,76894.77934870537,78468.09549968746,1868,41.16422877339688,42.00647510689907,-1573.316150982093,-0.02046063678585199
2015-01-09,123859.38795673757,126444.14251828095,3008,41.17665823029839,42.0359516350668,-2584.7545615433773,-0.02086845901778715
2015-01-10,120807.57415832733,123392.80406778071,2934,41.17504231708498,42.056170438916396,-2585.229909453381,-0.021399568093845214
2015-01-11,69597.36734933038,71051.36350293276,1690,41.18187417120141,42.04222692481228,-1453.9961536023766,-0.020891539565057498
2015-01-12,84738.29441126013,86467.53775028168,2058,41.175070170680335,42.015324465637356,-1729.2433390215592,-0.020406869775181306
2015-01-13,64653.972138140365,65980.42208985981,1570,41.18087397333781,42.02574655405084,-1326.449951719449,-0.02051614012029055
2015-01-14,59553.38603102025,60703.3560287776,1446,41.18491426764886,41.980190891270816,-1149.9699977573473,-0.019309901155886405
2015-01-15,79080.75695773037,80337.74831217455,1921,41.16645338767848,41.82079558155885,-1256.9913544441806,-0.015895034428110723
2015-01-16,149444.05678745394,152030.9864805352,3629,41.18050614148634,41.89335532668372,-2586.9296930812707,-0.017310355116767998
2015-01-17,170624.07993589152,173547.02711004243,4144,41.17376446329429,41.87910885860097,-2922.947174150904,-0.01713091830443359
2015-01-18,74744.28314926049,76003.92825421382,1815,41.18142322273305,41.87544256430514,-1259.6451049533352,-0.01685272842122104
2015-01-19,90144.16140148976,91110.9693479948,2189,41.18052142598893,41.62218791594098,-966.8079465050396,-0.010725131073093122
2015-01-20,97826.80880097904,99134.30698859354,2376,41.17289932701138,41.723193177017485,-1307.498187614503,-0.013365438407323552
2015-01-21,62795.97914592037,64144.08887524592,1525,41.17769124322647,42.06169762311208,-1348.1097293255516,-0.02146808995832233
2015-01-22,66550.98982708037,67952.1505548415,1616,41.18254320982696,42.04959811561974,-1401.1607277611329,-0.021053942719736745
2015-01-23,154670.89070075392,158031.79104317204,3757,41.1687225714011,42.06329279828907,-3360.9003424181137,-0.021729365669203658
2015-01-24,158722.10562536394,162082.41843851437,3855,41.173049448862244,42.04472592438765,-3360.3128131504345,-0.021171044826496135
2015-01-25,78092.27692203049,79795.0431031607,1897,41.16619763944675,42.06380764531402,-1702.7661811302096,-0.02180454006777519
2015-01-26,91830.40204377988,93808.08674687239,2230,41.17955248599994,42.06640661294726,-1977.6847030925128,-0.021536274034275243
2015-01-27,76992.93568321048,78614.45775337583,1870,41.17269287872218,42.039816980414884,-1621.5220701653452,-0.02106066038106589
2015-01-28,59897.71587994037,61194.180255889565,1455,41.166815037759704,42.05785584597221,-1296.4643759491955,-0.02164463797831361
2015-01-29,57310.19404232036,58531.41098518647,1392,41.1711164097129,42.04842743188683,-1221.2169428661073,-0.021308895620983363
2015-01-30,134540.21446573758,137221.53747357725,3268,41.1689762747055,41.98945455127823,-2681.3230078396737,-0.019929528271433725
2015-01-31,200193.61199916032,203814.73638908495,4862,41.17515672545461,41.919937554316114,-3621.124389924633,-0.018088111572410318
2015-02-01,171469.93052966276,174652.45798996426,4165,41.16925102753007,41.93336326289658,-3182.5274603014986,-0.018560265642324675
2015-02-02,151737.21883246515,154148.59881302153,3685,41.17699289890506,41.831370098513304,-2411.379980556376,-0.015891816122047216
2015-02-03,102072.44340557892,103634.96422901604,2479,41.174846069212954,41.80514894272531,-1562.520823437124,-0.015307959438460176
2015-02-04,82514.10512003038,83232.39136736213,2005,41.15416714215979,41.51241464706341,-718.2862473317509,-0.008705011661786614
2015-02-05,46211.33245807025,46407.29911726897,1122,41.18657081824443,41.361229159776265,-195.96665919872612,-0.0042406623824694095
2015-02-06,85730.41481046013,85765.70933606157,2082,41.17695235853032,41.193904580240904,-35.29452560143545,-0.00041169199611908446
2015-02-07,105918.29329060845,105662.55624090016,2573,41.1652908241774,41.065898266964695,255.7370497082884,0.0024144747971591805
2015-02-08,73041.66087122049,73046.23389967678,1774,41.173427774081446,41.1760055804266,-4.573028456288739,-0.00006260849495675393
2015-02-09,97908.54709609867,97097.93659019307,2378,41.17264385874629,40.83176475617875,810.610505905599,0.008279261922965448
2015-02-10,138667.41591113637,148522.8490204199,3677,37.71210658448093,40.392398428180556,-9855.433109283535,-0.07107245090367366
2015-02-11,162162.10351832397,173661.82783508644,4299,37.72088939714445,40.395865976991495,-11499.72431676247,-0.07091499226552044
2015-02-12,138520.12680392637,147756.34279381522,3674,37.7028107795118,40.2167508965202,-9236.21598988885,-0.06667779046262791
2015-02-13,358597.4285091585,382447.08041708503,9505,37.727241295019304,40.23641035424356,-23849.65190792654,-0.06650815095657449
2015-02-14,424009.8825170612,451548.0275596244,11237,37.73337034057677,40.1840373373342,-27538.145042563207,-0.06494694151723017
2015-02-15,203861.47237812544,217065.61516082732,5406,37.710224265284026,40.15272200533247,-13204.142782701878,-0.06477017274853498
2015-02-16,220506.20933281546,234723.22004532232,5846,37.71915999534989,40.151081088833784,-14217.01071250686,-0.06447442344378056
2015-02-17,139935.93697634517,148697.5436959896,3713,37.68810583795992,40.0478167778049,-8761.60671964442,-0.06261155575158285
2015-02-18,161064.75234488395,170739.36662316835,4270,37.72008251636626,39.98580014594106,-9674.614278284396,-0.060066613814848735
2015-02-19,144328.54518998516,152824.1148984046,3827,37.71323365298802,39.93313689532391,-8495.56970841944,-0.058862712828126953
2015-02-20,293071.7591964033,310240.3783953406,7770,37.71837312695023,39.92797662745696,-17168.61919893726,-0.058581622623801274
2015-02-21,267782.1539619082,283430.3368337632,7102,37.70517515656268,39.90852391351214,-15648.182871855039,-0.05843624244683976
2015-02-22,136052.68842362516,144020.1227597401,3608,37.708616525395,39.91688546555989,-7967.434336114937,-0.05856138844759068
2015-02-23,86703.31409037916,85730.96653928269,2150,40.327122832734496,39.8748681578059,972.3475510964781,0.011214652649642748
2015-02-24,95474.35736909964,100867.5240607559,2530,37.73690014588919,39.86858658527901,-5393.1666916562535,-0.05648811723137878
2015-02-25,198431.6275269815,209499.79410912097,5253,37.77491481572083,39.88193301144507,-11068.16658213947,-0.05577823817745228
2015-02-26,157291.73399894516,166305.03762747045,4171,37.71079693093866,39.87174241847769,-9013.30362852529,-0.057303097876622903
2015-02-27,307540.675156237,324997.33647802816,8156,37.707292196694084,39.847638116482116,-17456.66132179118,-0.056762121995481855
2015-02-28,350898.7635102697,375030.63545205916,9296,37.74728523131128,40.34322670525594,-24131.87194178946,-0.0687716072304803
2015-03-01,256701.5427333406,276569.2503923595,6803,37.733579705033165,40.65401299314413,-19867.707659018895,-0.07739613656960878
2015-03-02,234705.59277910303,252709.82306975976,6221,37.727952544462795,40.62205804046934,-18004.230290656735,-0.07670984776064416
2015-03-03,249380.56544757923,268761.83235694445,6611,37.72206405197084,40.65373352850468,-19381.266909365222,-0.07771763158279966
2015-03-04,258211.4441676979,278825.6066785365,6843,37.73366128418791,40.746106485245726,-20614.16251083862,-0.07983442630625835
2015-03-05,145975.83394282515,157578.005866528,3858,37.8371783159215,40.844480525279415,-11602.171923702845,-0.07948008660287638
2015-03-06,269239.8525836682,291365.01755439857,7128,37.77214542419588,40.87612479719396,-22125.164970730373,-0.08217641169542247
2015-03-07,306920.21160129213,332242.411551486,8127,37.76549915113721,40.88131063756442,-25322.19995019387,-0.08250417858791566
2015-03-08,122106.79562238637,121394.81220117224,2966,41.16884545596304,40.92879710086724,711.9834212141286,0.005830825529284446
2015-03-09,117661.28079254708,116861.15827355147,2858,41.16909754812704,40.88913865414677,800.1225189956167,0.006800219355136394
2015-03-10,62499.79917156037,62073.87265416521,1518,41.17246322237179,40.89187921881766,425.9265173951644,0.006814846176161412
2015-03-11,57063.98412427037,56638.28137060811,1386,41.17170571736679,40.86456087345462,425.7027536622627,0.007460095193058969
2015-03-12,48008.48284166025,47681.67207887158,1166,41.17365595339644,40.89337228033583,326.81076278866385,0.00680735452246093
2015-03-13,117446.8391133083,116681.14155165869,2853,41.1660845122006,40.8977012098348,765.6975616496202,0.006519524641364796
2015-03-14,150591.54790083517,149573.8275926896,3657,41.17898493323357,40.90069116562472,1017.7203081455664,0.006758150256983461
2015-03-15,67152.47495364037,66802.98321783988,1631,41.172578144476006,40.95829749714278,349.49173580048955,0.005204450558847845
2015-03-16,80635.28924859049,80121.2905225416,1959,41.16145444032184,40.899076325952834,513.9987260488851,0.006374364510112672
2015-03-17,50669.63709834037,50308.957054208026,1230,41.19482690921981,40.90159110098214,360.680044132343,0.007118267759295966
2015-03-18,48648.99266494025,48362.06879194777,1182,41.15820022414572,40.91545583075108,286.9238729924764,0.005897837905269787
2015-03-19,43213.177617650246,42981.21684775456,1050,41.15540725490499,40.93449223595672,231.96076989568974,0.005367824878514518
2015-03-20,96881.0180945894,96453.2872848832,2353,41.17340335511661,40.99162230551772,427.7308097061905,0.004415011507089833
2015-03-21,121360.88514123637,120829.28797107039,2947,41.181162246771756,41.0007763729455,531.5971701659873,0.004380300700240688
2015-03-22,66954.36637197038,66756.37644364212,1626,41.1773470922327,41.05558206866059,197.98992832825752,0.0029570876263440163
2015-03-23,81342.15076393037,81132.01289723592,1976,41.165056054620635,41.05871098038255,210.13786669445108,0.002583382228290338
2015-03-24,125060.70791173638,136375.15271351667,3312,37.75987557721509,41.176072679201894,-11314.444801780293,-0.09047161966943004
2015-03-25,253218.83124198424,276194.8294840427,6704,37.771305376190966,41.19851275119969,-22975.99824205847,-0.09073574081898297
2015-03-26,229184.47188046668,250361.15020932571,6077,37.71342305092425,41.19814879205623,-21176.678328859038,-0.09240014454340491
2015-03-27,354191.35095056973,386464.6513269861,9386,37.73613370451414,41.17458462891393,-32273.30037641636,-0.09111826217608673
2015-03-28,459484.66663548636,501362.5724903483,12181,37.72142407318663,41.15939352190693,-41877.90585486195,-0.09114103014907372
2015-03-29,224102.88847081424,244359.80746223294,5937,37.746823053867985,41.15880199801801,-20256.9189914187,-0.09039115528426951
2015-03-30,215203.5587823579,234819.44742668918,5706,37.7153099863929,41.15307525879586,-19615.88864433128,-0.0911503915424068
2015-03-31,355534.912042067,386988.9147484839,9421,37.73855344889788,41.0772651256219,-31454.00270641694,-0.08846951914161189
2015-04-01,498894.3439301564,542483.8358055089,13207,37.77499386160039,41.07547783792753,-43589.49187535251,-0.08737219093719552
2015-04-02,715032.189870243,777522.1927510158,18936,37.760466300709915,41.06052982419813,-62490.00288077281,-0.08739467084987164
2015-04-03,510289.2156051291,554159.8194134269,13503,37.79080319966889,41.03975556642427,-43870.603808297834,-0.08597203794768356
2015-04-04,400302.03949241096,434872.7289103458,10600,37.76434334834066,41.02572914248545,-34570.68941793486,-0.08636151207665846
2015-04-05,135578.2034450376,147335.92505366588,3591,37.75499956698346,41.02921889547922,-11757.721608628286,-0.08672280137857691
2015-04-06,182466.25520866032,198405.2291123257,4836,37.73082200344506,41.0267223143767,-15938.973903665377,-0.08735299513566644
2015-04-07,176814.2025694703,178390.14906155376,4348,40.665639965379555,41.02809316043095,-1575.946492083458,-0.00891300850939431
2015-04-08,100917.67156519879,100579.1289483651,2451,41.174080605956256,41.03595632328238,338.5426168336853,0.0033546415764752037
2015-04-09,74690.6727294505,74427.58597218397,1814,41.174571515683844,41.0295402272238,263.0867572665302,0.003522350886026967
2015-04-10,114067.07710172747,113653.97356322031,2770,41.17945021723013,41.03031536578351,413.1035385071591,0.0036215843256748354
2015-04-11,126507.80094116637,126043.76915933749,3072,41.18092478553593,41.02987277322184,464.03178182887495,0.003668009232447865
2015-04-12,79648.6293946405,79349.40245134271,1934,41.183365767652795,41.02864656222477,299.2269432977919,0.0037568373187590173
2015-04-13,83137.43242759025,82700.35417030295,2019,41.17752968181785,40.96104713734668,437.0782572872995,0.005257298000728843
2015-04-14,40776.02706167025,39940.199579223205,979,41.65069158495429,40.79693521881839,835.8274824470427,0.020498011765170875
2015-04-15,58278.45792605037,56969.92259423945,1398,41.6870228369459,40.751017592445955,1308.5353318109192,0.02245315642138853
2015-04-16,50000.101443420244,48827.88538117275,1198,41.73631172238752,40.75783420799061,1172.2160622474912,0.02344427367960368
2015-04-17,103911.9190821282,101408.94958672023,2485,41.81566160246607,40.80843041719124,2502.9694954079605,0.024087414778950475
2015-04-18,132843.22261657636,129545.5321235172,3172,41.879956688706294,40.84033169089445,3297.6904930591554,0.024823927243749846
2015-04-19,62786.61127718,61213.25590506657,1497,41.94162409965264,40.8906185070585,1573.3553721134303,0.02505877192778632
2015-04-20,57233.40664156013,55706.875425596525,1365,41.929235634842584,40.810897747689765,1526.5312159636014,0.02667203134567755
2015-04-21,56874.34545501001,55172.17122554866,1353,42.035732043614196,40.77765796418969,1702.1742294613505,0.029928682534163698
2015-04-22,132737.73701689864,140263.93010239187,3439,38.59777174088358,40.78625475498455,-7526.193085493229,-0.05669972424296401
2015-04-23,60310.33894812001,58446.054929901366,1434,42.057419071213396,40.757360481102765,1864.284018218641,0.030911516180042203
2015-04-24,343587.0084787192,362390.59604190825,8892,38.64001444879883,40.75467791744357,-18803.587563189038,-0.054727294976735646
2015-04-25,496882.31502370274,535306.0098701882,13144,37.80297588433527,40.72626368458523,-38423.69484648545,-0.07732956815871486
2015-04-26,200369.82986166124,210964.7680869965,5179,38.68890323646674,40.73465303861682,-10594.938225335267,-0.052876913818064294
2015-04-27,194028.06181921624,204053.49893464716,5014,38.69726003574316,40.69674889003733,-10025.43711543092,-0.05167003690822837
2015-04-28,190560.57918183244,200804.03684509994,4936,38.606276171359895,40.68153096537681,-10243.457663267502,-0.05375433737264841
2015-04-29,198985.39962261243,209483.87580877283,5150,38.63794167429368,40.67648073956754,-10498.476186160406,-0.0527600326761229
2015-04-30,385482.8720257082,406252.00759341643,9986,38.60233046522213,40.68215577743005,-20769.135567708232,-0.053878231887623584
2015-05-01,499703.41471803014,526206.9371722165,12937,38.62591131777307,40.67457193879697,-26503.522454186343,-0.053038505788761924
2015-05-02,461667.00388101256,496852.8019930757,12217,37.788901029795575,40.66896963191255,-35185.798112063145,-0.07621466948314057
2015-05-03,259541.60872151394,273280.04637040466,6721,38.61651669714536,40.66062287909607,-13738.437648890715,-0.05293346880511921
2015-05-04,320309.2744015867,336742.60236538574,8283,38.67068385869693,40.654666469320986,-16433.327963799064,-0.05130456492245002
2015-05-05,239922.99815095018,251700.9664012018,6191,38.75351286560333,40.655946761622,-11777.968250251608,-0.04909061799420066
2015-05-06,224994.19507015543,242259.8595396662,5959,37.75703894447985,40.65444865575872,-17265.664469510783,-0.07673826635450384
2015-05-07,117197.97172990369,115769.08632788144,2848,41.150973219769554,40.64925783984601,1428.8854020222498,0.01219206596267111
2015-05-08,330589.1998128597,355565.0417344777,8748,37.79026060960902,40.64529512282552,-24975.841921617975,-0.07554947934099579
2015-05-09,389972.11975571,419827.1365222265,10329,37.75507016707426,40.645477444305016,-29855.01676651649,-0.07655679791985784
2015-05-10,166536.00026357028,179243.05183339986,4410,37.763265365888955,40.64468295541947,-12707.051569829579,-0.07630213016836362
2015-05-11,198442.9126538279,213676.42842593024,5257,37.74831893738404,40.64607731138106,-15233.515772102342,-0.07676522969946689
2015-05-12,193182.15055271276,208039.17344555477,5118,37.74563316778288,40.64852939537999,-14857.022892842011,-0.07690680971474143
2015-05-13,166403.12699582273,179221.57229363997,4410,37.73313537320244,40.639812311482984,-12818.445297817234,-0.07703247847102668
2015-05-14,149178.60148103395,160620.2071408729,3952,37.747621832245436,40.642764964795774,-11441.60565983894,-0.07669736507949222
2015-05-15,380592.57758342725,409812.4326636886,10084,37.74222308443348,40.63986837204369,-29219.85508026136,-0.07677463198518701
2015-05-16,413700.1789323412,445569.7191074052,10964,37.73259567058931,40.63933957564805,-31869.540175064,-0.07703535506634654
2015-05-17,177159.67306561908,190811.57794423788,4695,37.73368968383793,40.64144365159486,-13651.904878618807,-0.0770598897727826
2015-05-18,196420.7635368479,211510.78612034488,5205,37.73693823954811,40.636078025042245,-15090.02258349699,-0.07682498688926108
2015-05-19,137940.87216380518,147846.05216339655,3638,37.91667734024332,40.6393766254526,-9905.179999591375,-0.07180743346199048
2015-05-20,166176.28381159273,178568.18048077746,4394,37.81890846872843,40.639094328806884,-12391.89666918473,-0.07457078943487754
2015-05-21,84604.37757263916,81763.26738933011,2012,42.04988944962185,40.63780685354379,2841.1101833090506,0.03358112505313033
2015-05-22,321821.02028676093,346487.5203341674,8526,37.74583864494029,40.63893036994692,-24666.500047406473,-0.07664664050044714
2015-05-23,418715.41064993,450936.2792642945,11096,37.73570752072188,40.639534901252205,-32220.868614364474,-0.07695171420691502
2015-05-24,169541.26594736153,182419.1414416233,4489,37.76815904374283,40.636921684478345,-12877.875494261767,-0.07595717433335691
2015-05-25,256434.50993607426,276173.7924514967,6795,37.738706392358246,40.64367806497376,-19739.28251542244,-0.07697592075397022
2015-05-26,199385.9124148703,214719.75281922088,5283,37.74103963938488,40.64352693909159,-15333.840404350572,-0.07690533507926493
2015-05-27,243554.22433855545,262251.0800794076,6453,37.74279007261048,40.64017977365684,-18696.85574085216,-0.07676670684579207
2015-05-28,217746.01291984666,234483.4170098073,5770,37.73761055803235,40.63837383185569,-16737.404089960648,-0.07686663863793348
2015-05-29,472160.7521097488,508265.1469737418,12507,37.751719206024525,40.63845422353417,-36104.394863993046,-0.07646631936828363
2015-05-30,546135.462415099,588250.1811507833,14475,37.72956562453189,40.63904532993322,-42114.71873568429,-0.07711405252727266
2015-05-31,264637.3652797106,284828.65965624875,7009,37.75679344838217,40.6375602305962,-20191.294376538135,-0.07629797234111964
2015-06-01,440905.99870597,474967.3276312148,11688,37.72296361276266,40.637177244286,-34061.3289252448,-0.07725304038777552
2015-06-02,334318.8978331521,360168.827077008,8863,37.72073765464877,40.6373493260756,-25849.929243855935,-0.07732117272280795
2015-06-03,269835.828626803,290492.1062803224,7148,37.749836125741886,40.63963434251853,-20656.277653519413,-0.07655127845193649
2015-06-04,201146.4892798303,216428.50043796102,5326,37.76689622227381,40.6362186327377,-15282.011158130714,-0.07597453583627173
2015-06-05,293461.08393818577,315937.8621965937,7775,37.74419086021682,40.63509481628215,-22476.778258407954,-0.0765920235718288
2015-06-06,349413.00982046727,376094.7218058327,9255,37.753971887678794,40.63692293958214,-26681.71198536543,-0.07636152986711864
2015-06-07,179602.9151631903,193348.5914462289,4758,37.7475651877239,40.636526155155295,-13745.6762830386,-0.07653370364589596
2015-06-08,109810.54567571807,106166.0816212578,2613,42.024701751135886,40.62995852325213,3644.464054460259,0.033188652620147606
2015-06-09,76956.92035364964,74212.79057454942,1830,42.052961941885044,40.553437472431376,2744.1297791002144,0.035657998871183726
2015-06-10,71199.58840203952,68669.39496391629,1694,42.03045360214848,40.536832918486596,2530.1934381232277,0.035536630125389185
2015-06-11,68988.34667032477,66539.16519576797,1642,42.01482744843165,40.52324311557124,2449.181474556797,0.03550137947588051
2015-06-12,155156.87922800638,149423.24358090668,3690,42.04793475013723,40.49410395146523,5733.635647099698,0.03695379589759599
2015-06-13,185109.52314601393,178347.369376849,4404,42.032135137605344,40.496677878485244,6762.153769164928,0.03653055582575813
2015-06-14,83779.54401080892,80659.82181208202,1992,42.058004021490426,40.49187841971989,3119.7221987269004,0.037237278330428794
2015-06-15,149501.57453075759,143962.87189290192,3557,42.03024305053629,40.473115516700005,5538.702637855662,0.0370477879931369
2015-06-16,100477.29679260367,96810.1035815691,2395,41.952942293362696,40.42175514888063,3667.193211034566,0.036497729617508134
2015-06-17,89072.70534707917,85639.30774599456,2120,42.01542705050905,40.395899880186114,3433.397601084609,0.03854601235817517
2015-06-18,78746.59585751953,75673.78198741567,1875,41.99818445734375,40.35935039328836,3072.813870103855,0.039021545460373466
2015-06-19,141913.38242954636,136017.75039375728,3376,42.03595451112155,40.28961800762953,5895.63203578908,0.04154387651718468
2015-06-20,169304.27828351516,162287.909224824,4027,42.042284152847074,40.29995262598063,7016.369058691169,0.041442361231661444
2015-06-21,89512.24283606843,85781.80703122966,2128,42.0640238891299,40.31099954475078,3730.4358048387658,0.04167514617716191
2015-06-22,85984.07533913916,82427.23153690711,2046,42.02545226741895,40.28701443641599,3556.843802232048,0.04136630868219624
2015-06-23,64956.46207589964,62169.77712485719,1546,42.01582281752887,40.2133099125855,2786.684951042451,0.04290081174350744
2015-06-24,106613.43283547854,113428.47427466739,2822,37.77938796437935,40.194356582093334,-6815.041439188848,-0.06392291532067576
2015-06-25,183843.81729524274,195365.7307199428,4865,37.789068303235915,40.15739583143737,-11521.913424700062,-0.06267229213477722
2015-06-26,319579.7940943557,339241.6918024566,8450,37.8200939756634,40.14694577543865,-19661.897708100907,-0.06152422046525177
2015-06-27,369245.7587066497,392017.9734509866,9770,37.79383405390478,40.12466463162606,-22772.214744336903,-0.06167224458880914
2015-06-28,185648.49109673031,197095.10874296943,4914,37.779505717690334,40.10889473808902,-11446.617646239116,-0.0616574774113029
2015-06-29,165557.76178385274,175871.1109205226,4385,37.755475891414534,40.10743692600287,-10313.349136669858,-0.06229456731925778
2015-06-30,212465.0832049415,225678.9345253019,5627,37.75814522924143,40.106439403821206,-13213.851320360409,-0.06219304895202226
2015-07-01,305231.90808635816,324248.8414913401,8086,37.74819541013581,40.10002986536484,-19016.933404981915,-0.06230322879481369
2015-07-02,250481.61765724423,266061.92835854064,6639,37.72881724013319,40.07560300625706,-15580.310701296403,-0.062201413608787434
2015-07-03,268410.4807020094,284592.9946612319,7104,37.78300685557565,40.06095082506079,-16182.513959222473,-0.06029017166877466
2015-07-04,316365.4987383921,335025.0763601264,8364,37.82466508110857,40.055604538513435,-18659.577621734294,-0.058981076306187895
2015-07-05,156873.04365826395,165968.62450163957,4146,37.83720300488759,40.03102375823434,-9095.580843375617,-0.05798052126272026
2015-07-06,173987.75154080152,184188.97897635488,4601,37.815203551576076,40.03237969492608,-10201.22743555336,-0.05863187118181184
2015-07-07,135753.76604209637,143799.5986875294,3593,37.78284610133492,40.022153823414804,-8045.832645433024,-0.059267841180465394
2015-07-08,84426.50941202953,84588.96303542092,2114,39.93685402650403,40.01370058439968,-162.45362339139683,-0.0019242015869514273
2015-07-09,70815.19028553025,71913.06858060515,1797,39.40745146662785,40.0184021038426,-1097.878295074901,-0.015503429287532844
2015-07-10,125983.15175354636,127884.58724444837,3195,39.43134640173595,40.026474880891506,-1901.435490902004,-0.015092776013586908
2015-07-11,142378.18404122637,143924.56511903758,3595,39.604501819534455,40.03464954632478,-1546.3810778112093,-0.010861081620225232
2015-07-12,57427.68070701013,58723.04053175166,1467,39.14633995024548,40.029339149114975,-1295.3598247415357,-0.022556366699716165
2015-07-13,63331.33100223037,64690.05906998081,1610,39.33623043616793,40.18016091303156,-1358.7280677504386,-0.021454279362967874
2015-07-14,51241.02855330037,52509.91621999616,1307,39.20507157865369,40.1759114154523,-1268.8876666957876,-0.0247631185891576
2015-07-15,80326.44080925026,81730.270702131,2050,39.183629663048904,39.86842473274683,-1403.829892880749,-0.017476560379594042
2015-07-16,71912.56572806025,73762.62917326878,1849,38.8926802206924,39.89325536683006,-1850.063445208536,-0.025726567067633387
2015-07-17,119204.30953474637,122669.69942792531,3070,38.82876532076429,39.95755681691378,-3465.3898931789445,-0.029071011834256148
2015-07-18,129441.27865673638,132493.43152089373,3322,38.964864135080184,39.88363381122629,-3052.152864157353,-0.023579440004230158
2015-07-19,77645.74993512024,79555.63473624234,1982,39.17545405404654,40.13906898902237,-1909.884801122098,-0.024597415862657936
2015-07-20,69926.65036245,71362.51783813686,1787,39.130750062926694,39.934257324083305,-1435.8674756868568,-0.020533909006714056
2015-07-21,71973.04430034013,73851.78839873473,1846,38.98864805002174,40.006385914807545,-1878.7440983945999,-0.02610344076255395
2015-07-22,44304.898362210246,45468.83697600943,1142,38.79588297916834,39.81509367426395,-1163.9386137991823,-0.0262711044788664
2015-07-23,66799.7237304905,69323.64787191155,1734,38.52348542704181,39.97903568160989,-2523.9241414210555,-0.03778345179396332
2015-07-24,125689.59284090636,130428.22639511683,3259,38.56692017210996,40.02093476376705,-4738.633554210464,-0.037701081267790135
2015-07-25,138624.94500363516,143537.39521883638,3572,38.808775196986325,40.18404121467984,-4912.450215201214,-0.03543698585469155
2015-07-26,81715.04533178038,85089.22343005694,2109,38.74587260871521,40.34576739215597,-3374.178098276563,-0.04129200546333525
2015-07-27,86842.86135788013,90242.79409715362,2242,38.73455011502236,40.25102323691062,-3399.932739273485,-0.03915039976932974
2015-07-28,56976.785283900375,59094.076857821434,1474,38.654535470760095,40.09096123325742,-2117.2915739210584,-0.037160600819634695
2015-07-29,53433.66802753037,55516.52556207961,1381,38.692011605742486,40.200235743721656,-2082.8575345492354,-0.03898024619002564
2015-07-30,55134.081818380364,57064.75069601244,1423,38.74496262711199,40.10172220380354,-1930.6688776320734,-0.035017702552696456
2015-07-31,145033.61079266516,149876.87328204015,3740,38.77904031889443,40.074030289315544,-4843.262489374989,-0.03339406957397443
2015-08-01,173306.90648994275,178699.97587509945,4453,38.91913462608191,40.13024385248135,-5393.069385156705,-0.03111860625975499
2015-08-02,88154.33871239,90828.66169982335,2258,39.04089402674491,40.22527090337615,-2674.3229874333483,-0.030336827732989107
2015-08-03,81142.02784779038,83114.57680933841,2074,39.123446406842035,40.07453076631553,-1972.5489615480328,-0.02430983072358289
2015-08-04,77672.8827777405,80417.7464421733,2007,38.70098793111136,40.068633005567165,-2744.863664432807,-0.035338763880918174
2015-08-05,75483.42255430049,78024.28467503063,1948,38.749190222946865,40.05353422742846,-2540.8621207301476,-0.033661193872102556
2015-08-06,74354.5701020405,76978.30523840741,1922,38.686040635817115,40.05114736649709,-2623.735136366915,-0.03528680392834269
2015-08-07,120326.87629269795,123707.76157316696,3088,38.965957348671616,40.06080361825355,-3380.8852804690105,-0.028097507262175806
2015-08-08,131867.99350401637,135721.42603033097,3388,38.92207600472738,40.0594527834507,-3853.432526314602,-0.029221893985952218
2015-08-09,75504.00274262049,77978.69447147881,1944,38.83950758365251,40.1124971561105,-2474.691728858321,-0.03277563624400282
2015-08-10,69968.07769908049,72665.7255271172,1812,38.61372941450358,40.102497531521635,-2697.6478280367155,-0.038555408648480956
2015-08-11,60187.14904728037,62538.49327792498,1563,38.50745300529774,40.01183191166025,-2351.3442306446086,-0.03906721397947419
2015-08-12,44698.700751095246,46849.567146474845,1171,38.171392614086464,40.0081700653073,-2150.8663953795985,-0.04811921508315644
2015-08-13,39463.40905993025,41414.418370139814,1035,38.128897642444684,40.01393079240562,-1951.0093102095634,-0.049438438206053245
2015-08-14,85794.09690262025,89898.89422749996,2247,38.181618559243546,40.00840864597239,-4104.797324879706,-0.04784475241389645
2015-08-15,117288.01005380173,122504.35720229718,3068,38.229468726793264,39.929712256289825,-5216.34714849545,-0.04447468369616498
2015-08-16,71056.06100378049,74589.17286625026,1866,38.07934673300133,39.97276145029489,-3533.11186246977,-0.049722878140990585
2015-08-17,64394.07445333037,67505.25413928372,1690,38.103002635106726,39.94393736052291,-3111.1796859533424,-0.048314689082272176
2015-08-18,35165.972082725246,36841.967322813805,922,38.14096755176274,39.958749807824084,-1675.9952400885595,-0.04765957375345432
2015-08-19,23234.183195130125,24104.085977912528,604,38.467190720414116,39.907427115749215,-869.9027827824029,-0.037440644049184145
2015-08-20,24754.957181800124,25407.174070346187,643,38.4991558037327,39.5134900005384,-652.2168885460633,-0.02634692048773059
2015-08-21,76691.2830290555,78691.9563155523,2006,38.23094866852218,39.22829327794233,-2000.6732864968071,-0.02608736231129196
2015-08-22,102231.21179235782,104713.00749977645,2677,38.18872312004401,39.11580407163857,-2481.795707418627,-0.024276301375155476
2015-08-23,56974.86802579037,57548.98515340962,1467,38.837674182542855,39.22902873443056,-574.1171276192545,-0.01007667323352769
2015-08-24,59442.73111516537,59785.42861456379,1528,38.90231093924435,39.12658940743704,-342.6974993984186,-0.005765170828616043
2015-08-25,217683.36226402503,246975.73076564312,6360,34.226943752205194,38.832662070069674,-29292.368501618097,-0.13456411274137617
2015-08-26,275458.8068961961,307092.27437902824,8035,34.28236551290555,38.21932475159032,-31633.467482832144,-0.11483919443081339
2015-08-27,228731.86548652744,252845.44555357666,6675,34.26694614030374,37.87946749866317,-24113.580067049217,-0.10542291523639732
2015-08-28,387639.119999522,426783.3022181441,11330,34.21351456306461,37.668429145467265,-39144.182218622125,-0.10098099030528807
2015-08-29,461188.0048517348,504578.1887572265,13484,34.202610861149125,37.42051236704439,-43390.18390549172,-0.09408350488092385
2015-08-30,202249.677169425,220152.18675395823,5913,34.20424102307204,37.23189358260751,-17902.509584533225,-0.08851687594802068
2015-08-31,332559.76497908594,361970.285938652,9721,34.21044799702561,37.2359104967238,-29410.520959566056,-0.08843679860495339
2015-09-01,384806.7715819784,418101.5975483603,11257,34.1837764574912,37.1414761968873,-33294.825966381875,-0.08652349289359845
2015-09-02,345776.25028037594,373816.1684006343,10102,34.22849438530746,37.00417426258506,-28039.91812025837,-0.0810926664209064
2015-09-03,271551.0951007561,293343.8739735622,7938,34.20900668943765,36.95438069709778,-21792.778872806113,-0.08025295889423734
2015-09-04,340440.20546208567,366359.65859248454,9936,34.263305702705885,36.87194631566874,-25919.453130398877,-0.07613511187733521
2015-09-05,364416.7315821381,392128.30126516864,10643,34.24003867162812,36.84377537021222,-27711.56968303054,-0.07604362610552765
2015-09-06,164719.60449161517,176647.84265184918,4800,34.3165842690865,36.80163388580191,-11928.238160234003,-0.07241541282866056
2015-09-07,178921.09934873637,192507.5287324894,5228,34.223622675733814,36.8224041186858,-13586.429383753013,-0.07593531133671165
2015-09-08,70286.9978107705,66639.6980528115,1810,38.83259547556381,36.817512736359944,3647.299757959001,0.05189152861213975
2015-09-09,76013.67790171049,72211.10317465069,1961,38.762711831570876,36.82361202174946,3802.574727059793,0.050024874891288824
2015-09-10,48406.787146740244,45316.54273361083,1232,39.291223333393056,36.78290806299581,3090.2444131294105,0.06383907289202337
2015-09-11,85940.02694079,81559.84562327196,2194,39.17047718358706,37.174040849257956,4380.181317518043,0.05096788392370241
2015-09-12,57381.75145418537,54340.891509322864,1469,39.06177770877152,36.99175732424974,3040.8599448625027,0.0529935017283392
2015-09-13,32479.796394255125,30763.688117313315,829,39.1794890159893,37.1093945926578,1716.10827694181,0.05283617717644767
2015-09-14,52160.18393341537,49656.007748568794,1329,39.24769295215604,37.36343698161685,2504.176184846576,0.04800934344946445
2015-09-15,51002.83956949524,48601.967504707296,1300,39.23295351499634,37.38612884977484,2400.8720647879454,0.047073301899526104
2015-09-16,30194.71595621512,28605.460797613814,773,39.06172827453444,37.00577076017311,1589.255158601307,0.052633552205156045
2015-09-17,29751.222605555122,28084.23512836408,760,39.14634553362516,36.95294095837379,1666.9874771910436,0.05603088986601126
2015-09-18,68504.63943753537,64881.97564825693,1755,39.03398258549024,36.96978669416349,3622.663789278442,0.05288202111598146
2015-09-19,68996.56175729049,65211.57177094122,1766,39.06940076856766,36.92614483065754,3784.9899863492683,0.05485766087393955
2015-09-20,41855.928759400245,39629.45187227755,1078,38.827392170130096,36.76201472381962,2226.476887122699,0.053193823506369184
2015-09-21,44303.466485900244,41485.458718801405,1124,39.41589545008919,36.908771102136484,2818.0077670988394,0.06360693622011906
2015-09-22,46599.298130810246,43806.73201043591,1182,39.42411009374809,37.061533003752885,2792.5661203743366,0.05992721419398299
2015-09-23,125182.75716534758,138583.8378162164,3725,33.606109306133575,37.20371484999098,-13401.080650868826,-0.10705212885803446
2015-09-24,150036.8050416176,167704.85540677374,4492,33.400891594304895,37.33411741023458,-17668.050365156145,-0.11775810848714977
2015-09-25,368037.6919446588,413540.807164328,11030,33.366971164520294,37.492366923329826,-45503.115219669184,-0.12363710624104068
2015-09-26,351319.63806908,397626.5850584556,10528,33.37002641233663,37.76848262333355,-46306.946989375574,-0.13180859243703943
2015-09-27,163289.93666880394,185404.04401051014,4895,33.358516173402236,37.876209195201255,-22114.1073417062,-0.1354284764440786
2015-09-28,190892.45898757636,216571.05952146213,5720,33.372807515310555,37.86207334291296,-25678.600533885765,-0.13451867438910708
2015-09-29,143082.1332657676,162929.0184723528,4288,33.36803481011371,37.99650617358974,-19846.885206585197,-0.1387097379217896
2015-09-30,323548.78534206876,368434.8859088649,9693,33.37963327577311,38.01040812017589,-44886.10056679614,-0.13873054883930644
2015-10-01,402312.33315894654,459285.80452600674,12065,33.34540680969304,38.067617449316764,-56973.47136706021,-0.14161502561879202
2015-10-02,393635.174854894,448390.96576197416,11758,33.47807236391342,38.134969022110404,-54755.79090708017,-0.13910289121713992
2015-10-03,451100.060076857,515549.389916234,13508,33.39502961777147,38.166226674284424,-64449.329839377024,-0.14287147252517846
2015-10-04,202902.62490132518,232360.32715548942,6085,33.344720608270364,38.18575631150196,-29457.702254164236,-0.14518147445598592
2015-10-05,294557.6463662238,336897.9224004055,8828,33.36629433237696,38.16242890806587,-42340.276034181705,-0.14374190097085443
2015-10-06,221618.32824753015,253291.06228608298,6636,33.3963725508635,38.16923783696247,-31672.734038552822,-0.14291567980414002
2015-10-07,63968.38248018537,61942.84267774664,1622,39.43796700381342,38.18917551032468,2025.5398024387323,0.03166470252809905
2015-10-08,59609.54470528037,57736.476659462984,1512,39.42430205375686,38.185500436152765,1873.0680458173883,0.03142228404994791
2015-10-09,126588.25297451638,122622.36311479038,3211,39.42331142152488,38.18821647922466,3965.8898597259977,0.03132905120765333
2015-10-10,119755.01159048088,116003.68691362541,3037,39.43200908478132,38.19680174962971,3751.3246768554673,0.03132499113843895
2015-10-11,57413.410482090374,55617.58464392972,1456,39.43228741901812,38.19889055214953,1795.8258381606574,0.031278856683158544
2015-10-12,57749.13693860537,55933.00857584616,1465,39.41920610143711,38.179528038120246,1816.128362759213,0.03144858016995106
2015-10-13,40140.82003455524,38881.08844178642,1018,39.43106093767705,38.19360357739334,1259.7315927688178,0.0313828066213988
2015-10-14,42195.81736485025,40869.24947226706,1070,39.43534333163575,38.195560254455195,1326.567892583189,0.0314383741192377
2015-10-15,53490.797465390366,51799.16590340081,1357,39.41842112409017,38.17182454193133,1691.631561989554,0.03162472130059519
2015-10-16,110809.31580557745,107331.98051512288,2810,39.43392021550799,38.196434347018815,3477.3352904545754,0.031381254050478924
2015-10-17,111527.01346960258,108023.60734392128,2829,39.42276898890158,38.18437870057309,3503.4061256813,0.031413072193815866
2015-10-18,59808.13866875037,57937.4586559695,1517,39.42527268869504,38.19212831639387,1870.6800127808674,0.031278017581214144
2015-10-19,55166.226228085376,53436.89709278487,1399,39.43261345824544,38.19649542014644,1729.3291353005043,0.03134760619931792
2015-10-20,42054.680471955246,40736.15047559227,1067,39.413946084306694,38.178210380123964,1318.5299963629732,0.03135275269163568
2015-10-21,53678.179109280245,51999.86086819557,1361,39.44024916185176,38.207098360173084,1678.3182410846784,0.03126630353216508
2015-10-22,55930.16864310537,54177.690061877336,1419,39.415199889432955,38.180190318447735,1752.4785812280315,0.031333332685097554
2015-10-23,185771.00146306364,192527.0110099228,5042,36.84470477252353,38.1846511324718,-6756.009546859161,-0.036367406611641916
2015-10-24,253116.91319854016,262409.5694229162,6872,36.83307817208093,38.185327331623434,-9292.656224376056,-0.03671290119237141
2015-10-25,118618.45370215292,122915.26701698842,3218,36.860924083950565,38.196167500617904,-4296.813314835497,-0.03622381830760208
2015-10-26,123320.78404237365,128133.77860887129,3347,36.84517001564794,38.283172575103464,-4812.99456649764,-0.03902825143281501
2015-10-27,117051.27721540268,122175.00027270183,3177,36.84333560447047,38.45609073739434,-5123.723057299154,-0.0437733203702704
2015-10-28,159299.98906190018,174699.07672381026,4532,35.150041717100656,38.54789865926969,-15399.087661910075,-0.09666722359865547
2015-10-29,119047.40986790293,124349.26548929588,3231,36.845376003683974,38.48630934363847,-5301.855621392955,-0.044535665473746856
2015-10-30,285081.9743284353,297627.6907154063,7731,36.875174534786616,38.49795507895568,-12545.716386971006,-0.044007399683985
2015-10-31,391656.2125835714,429832.83476080553,11148,35.132419499782145,38.5569460675283,-38176.62217723415,-0.09747482856304251
2015-11-01,274814.77805485035,287978.17491181655,7459,36.84338088950936,38.60814786322785,-13163.396856966196,-0.04789915939068935
2015-11-02,269555.02312096773,281915.19210462895,7316,36.84459036645267,38.53406124994928,-12360.16898366122,-0.045853973858666956
2015-11-03,192001.03461514864,201125.77547468373,5211,36.845333835184924,38.59638754071843,-9124.740859535086,-0.047524435885592645
2015-11-04,201367.78697700135,220579.99556067705,5731,35.13658820048881,38.488919134649635,-19212.208583675703,-0.09540855005706533
2015-11-05,111874.55897295268,116637.03434528297,3036,36.84932772495148,38.41799550239887,-4762.475372330286,-0.04256978008272358
2015-11-06,214540.3330908476,223738.43271863073,5822,36.84993697884706,38.42982355180878,-9198.099627783144,-0.042873521706933246
2015-11-07,280264.24446527625,306935.1603958135,7987,35.090051892484816,38.42934273141524,-26670.915930537274,-0.0951634625437984
2015-11-08,134136.72870994985,140236.3033001348,3640,36.85074964559062,38.526456950586486,-6099.574590184959,-0.04547281455904859
2015-11-09,94243.46552793356,89949.30417187726,2338,40.30943777927013,38.472756275396605,4294.161356056298,0.04556455274645559
2015-11-10,131436.19785473638,143823.38644063805,3744,35.105822076585575,38.4143660364952,-12387.188585901662,-0.0942448791739397
2015-11-11,147893.94147097637,161665.60055441552,4216,35.07920812878946,38.345730681787366,-13771.659083439154,-0.09311848035466544
2015-11-12,140238.3905104714,153481.4533973026,4000,35.05959762761785,38.37036334932565,-13243.062886831205,-0.09443250766517008
2015-11-13,358183.774004685,391310.3206849369,10204,35.1022906707845,38.34871821686955,-33126.54668025189,-0.09248477760418762
2015-11-14,377937.13869747263,413010.2290451295,10769,35.09491491294202,38.351771663583385,-35073.090347656864,-0.09280138614726567
2015-11-15,168729.96240320895,184673.48850580244,4803,35.13011917618341,38.4496124309395,-15943.526102593489,-0.09449137471206046
2015-11-16,177192.56981712018,193615.30370472991,5042,35.14331015809603,38.40049656976,-16422.733887609735,-0.09268297143926282
2015-11-17,152368.74909244638,166625.3650177976,4342,35.091835350632515,38.37525679820304,-14256.615925351216,-0.09356653520008443
2015-11-18,147471.80491951638,161402.91869953024,4202,35.09562230354983,38.41097541635656,-13931.113780013868,-0.0944662865394294
2015-11-19,145697.1519823564,159317.609394273,4151,35.09928980543396,38.38053707402385,-13620.457411916606,-0.09348471968461
2015-11-20,301033.98651272245,328965.14326487976,8567,35.13878679966411,38.39910625246641,-27931.156752157316,-0.09278406427035399
2015-11-21,309518.07207128487,338720.0236259857,8811,35.12859744311484,38.44285820292654,-29201.95155470085,-0.09434651540468167
2015-11-22,152504.63172735393,167600.65093574603,4345,35.09887956901126,38.57322230972291,-15096.0192083921,-0.09898728345104031
2015-11-23,79711.58341410049,74375.78870786497,1937,41.15208229948399,38.39741285899069,5335.794706235523,0.06693876194274237
2015-11-24,111021.37911399867,121456.52401919739,3160,35.13334782088565,38.43560886683461,-10435.144905198715,-0.0939922111261447
2015-11-25,243161.25923328882,266054.36985679285,6924,35.11861051896141,38.42495231900532,-22893.110623504035,-0.09414785355071877
2015-11-26,311443.18123189744,355343.87184090714,9273,33.58602191652081,38.320270876836744,-43900.6906090097,-0.14095890760992996
2015-11-27,375876.0134219526,431325.6866936764,11257,33.3904249286624,38.3162198359844,-55449.67327172379,-0.14752118063324474
2015-11-28,434639.6589952693,498895.6186453555,13019,33.385026422556976,38.320579049493475,-64255.95965008624,-0.14783731378453344
2015-11-29,238637.8163554564,274093.57795911963,7139,33.42734505609419,38.393833584412334,-35455.76160366324,-0.14857562034866714
2015-11-30,260653.6669634964,283981.1506886445,7423,35.11432937673399,38.256924516859016,-23327.483725148108,-0.08949608880206177
2015-12-01,262394.7800182788,285838.55681476905,7474,35.10767728368729,38.24438812078794,-23443.776796490245,-0.08934543894073319
2015-12-02,248437.71130109383,269807.6204390979,7056,35.20942620480355,38.238041445450385,-21369.90913800409,-0.0860171711697378
2015-12-03,201048.83046167396,219110.39319645413,5732,35.07481340922435,38.225818771188784,-18061.562734780164,-0.08983669635533269
2015-12-04,317690.76093605126,345449.5299468609,9038,35.150559961944154,38.2218997507038,-27758.769010809658,-0.08737669590711607
2015-12-05,378527.8726171638,410385.0370093724,10737,35.254528510493046,38.221573717926084,-31857.164392208564,-0.08416068325945529
2015-12-06,195425.39107959517,210461.38622248988,5505,35.499616908191676,38.23095117574748,-15035.99514289471,-0.07693982373442287
2015-12-07,90441.60336852976,83999.59125393689,2198,41.14722628231563,38.21637454683207,6442.0121145928715,0.07122841562575002
2015-12-08,117649.00063301293,121640.37979023655,3190,36.88056446175954,38.13178049850676,-3991.3791572236223,-0.03392616287216995
2015-12-09,141285.39545671365,145443.04659183422,3814,37.04388973694642,38.13399228941642,-4157.65113512057,-0.02942732418790144
2015-12-10,133183.69368019365,137725.8761104481,3610,36.892989939111814,38.151212218960694,-4542.182430254441,-0.034104643779900884
2015-12-11,229672.25632039242,237672.0164167957,6227,36.88329152407137,38.16798079601665,-7999.760096403275,-0.03483119913814763
2015-12-12,333488.79787882004,359621.07489373686,9422,35.394693045937174,38.16823125596868,-26132.27701491682,-0.07836028430679856
2015-12-13,185422.88563610363,191390.4013103133,5014,36.98103024254161,38.17120089954393,-5967.515674209659,-0.03218327475455773
2015-12-14,173833.13316842366,179871.05329942374,4715,36.86810883741753,38.14868574749178,-6037.920131000079,-0.03473400048050708
2015-12-15,220271.72138524518,237123.34334010517,6212,35.45906654624037,38.17181959757006,-16851.62195485999,-0.07650379199328666
2015-12-16,234468.07119528638,251493.90890012978,6585,35.60638894385518,38.19193757025509,-17025.837704843405,-0.07261473862111799
2015-12-17,213778.13805030516,230994.3551988599,6051,35.3293898612304,38.17457530967772,-17216.217148554744,-0.08053310458014895
2015-12-18,273563.0147962938,295854.55231599195,7750,35.29845352210243,38.17478094399896,-22291.537519698148,-0.08148593309039724
2015-12-19,337506.78841922,362223.1608767092,9490,35.5644666405922,38.16893159923174,-24716.372457489197,-0.07323222318950451
2015-12-20,155312.78386216637,167421.9736951709,4382,35.44335551395855,38.20674890350774,-12109.189833004522,-0.07796647212087142
2015-12-21,289243.3830561976,312784.97431839356,8196,35.29079832310854,38.16312522186354,-23541.591262195958,-0.08139025001523378
2015-12-22,313125.3325325176,338299.6178454863,8863,35.32949707012497,38.169876773720674,-25174.285312968714,-0.08039683378333626
2015-12-23,268330.3927050155,249584.21516385436,6534,41.0667879866874,38.19776785489047,18746.17754116113,0.06986229682065656
2015-12-24,392228.13795848226,364396.19424887956,9540,41.11406058265013,38.196666063823855,27831.943709602696,0.07095855961396817
2015-12-25,133728.98372885137,124363.55727660947,3256,41.07155519927868,38.195195723774404,9365.426452241896,0.07003288435386017
2015-12-26,82778.44404831037,76876.4926983143,2013,41.12192948251881,38.19001127586403,5901.951349996074,0.07129816726866275
2015-12-27,69522.83697394037,64616.07664627437,1692,41.0891471477189,38.18917059472481,4906.760327666001,0.07057767693664786
2015-12-28,133021.27279536257,123500.78778967516,3234,41.13211898434217,38.18824606978205,9520.485005687413,0.07157114652130526
2015-12-29,161267.5205918376,175378.1459152207,4592,35.11923357836184,38.1921049466944,-14110.625323383108,-0.0874982468360545
2015-12-30,208583.21799035516,227060.26267849398,5945,35.08548662579565,38.19348405020925,-18477.04468813882,-0.08858356327110263
2015-12-31,325457.52500147885,353929.7383549917,9266,35.123842542788566,38.19660461417998,-28472.213353512867,-0.08748365352247883
2016-01-01,111650.23977407867,121448.2838171389,3179,35.12118269080801,38.20329783489742,-9798.044043060232,-0.08775658756207168
2016-01-02,262421.2818645576,285675.8457131606,7479,35.087749948463376,38.19706454247367,-23254.563848602993,-0.08861538852098617
2016-01-03,164527.53891335515,179308.94953055488,4694,35.05060479619837,38.199605779837,-14781.410617199726,-0.0898415591385223
2016-01-04,274990.1464991988,299576.2413696627,7843,35.06185726114992,38.19663921581827,-24586.094870463887,-0.08940718488811569
2016-01-05,215737.84279871394,234642.08574813223,6150,35.07932403231121,38.15318467449305,-18904.242949418287,-0.08762599414260472
2016-01-06,98646.9826975288,91610.5600019723,2401,41.08579037797951,38.15516868053824,7036.4226955564955,0.07132932506543624
2016-01-07,74401.21529302049,68988.86125910636,1808,41.151114653219295,38.1575560061429,5412.354033914133,0.0727455057366766
2016-01-08,106592.34299626794,99021.68292069217,2594,41.091882419532745,38.173355019542086,7570.660075575768,0.07102442692193037
2016-01-09,134629.65819693016,124963.46551384707,3274,41.12084856350952,38.16843784784577,9666.192683083093,0.07179838983876662
2016-01-10,90773.65305790915,84299.28823998044,2207,41.12988357857234,38.19632453102874,6474.364817928712,0.07132427306630905
2016-01-11,121373.06822441636,112550.43230873269,2949,41.15736460644841,38.16562641869539,8822.63591568367,0.07269022728642563
2016-01-12,99445.55710397917,92226.51809575803,2417,41.144210634662464,38.15743404872074,7219.039008221138,0.07259287612691426
2016-01-13,67587.54693007037,62760.35683146228,1644,41.111646551137696,38.175399532519634,4827.190098608087,0.07142129457076689
2016-01-14,61685.93523841037,57191.43931779157,1499,41.15139108633113,38.15306158625188,4494.4959206188,0.07286095125652214
2016-01-15,150006.92979182393,139244.8957677091,3648,41.120320666618404,38.17020169070973,10762.034024114837,0.07174357904031589
2016-01-16,191287.35348550288,177577.28721349483,4652,41.11937951107113,38.17224574666699,13710.066272008058,0.07167262248231744
2016-01-17,92595.46083693915,86018.18960551938,2252,41.116989714449,38.196354176518376,6577.271231419771,0.07103232892811412
2016-01-18,96947.05428847916,89961.35950377268,2357,41.13154615548543,38.16773844029388,6985.694784706488,0.07205680292172263
2016-01-19,70512.8945004905,65453.27639155451,1715,41.11539037929475,38.16517573851575,5059.618108935989,0.07175450879981665
2016-01-20,159590.49006920136,182351.1388452415,4776,33.41509423559493,38.18072421382779,-22760.64877604015,-0.14261907940862087
2016-01-21,67046.27341580037,61894.26256053051,1628,41.18321462887001,38.01858879639466,5152.010855269866,0.07684261321011354
2016-01-22,266949.23879314214,294322.9271827347,7806,34.197955264302095,37.70470499394501,-27373.68838959257,-0.10254267258204969
2016-01-23,315272.2247721219,346093.067004291,9210,34.23151191879716,37.577966015666775,-30820.842232169118,-0.09775945931947021
2016-01-24,149138.92151888515,163505.71301989807,4351,34.27692979059645,37.57888141114642,-14366.791501012922,-0.09633160381405657
2016-01-25,215171.03820177002,234621.5988597088,6278,34.27381940136509,37.37202912706416,-19450.560657938797,-0.09039581172490153
2016-01-26,205197.8983571688,221931.5800527438,5992,34.24531013971442,37.037980649656845,-16733.68169557501,-0.08154899162976931
2016-01-27,214452.24842869502,231730.23274989825,6265,34.230207251188354,36.988065881867236,-17277.98432120323,-0.08056797934178865
2016-01-28,195767.97355403757,210639.84818927525,5723,34.207229347202095,36.80584452022982,-14871.874635237677,-0.07596684158929914
2016-01-29,397984.32926288777,437198.92957971455,11900,33.44406128259561,36.73940584703484,-39214.60031682678,-0.09853302613561865
2016-01-30,512603.10345302336,561872.2060329898,15345,33.40522016637493,36.61597953945844,-49269.10257996642,-0.09611549802971804
2016-01-31,218104.06693917137,238662.19210478582,6525,33.4259106420186,36.57658116548442,-20558.125165614445,-0.09425833022796429
2016-02-01,339004.33688676247,371177.1868830317,10153,33.3895732184342,36.55837554250287,-32172.849996269215,-0.09490394810794384
2016-02-02,278116.3693275634,295645.6291087982,8116,34.267665023110325,36.42750481872822,-17529.25978123484,-0.0630285078998317
2016-02-03,264159.3006103735,280392.2735999451,7712,34.253021344706106,36.357919294598695,-16232.97298957163,-0.06145145354361286
2016-02-04,197778.1337405588,209372.29223082794,5759,34.34244378200361,36.35566803799756,-11594.158490269125,-0.05862204416125241
2016-02-05,325749.00890694687,345287.8114965794,9501,34.2857603312227,36.34225991964839,-19538.802589632513,-0.059981157441415106
2016-02-06,371561.97638721426,393884.43303565035,10840,34.27693509107143,36.33620230956184,-22322.456648436084,-0.060077343934604545
2016-02-07,174581.6768458314,185040.81733893292,5089,34.305694015687045,36.36093875789604,-10459.140493101528,-0.059909726393209795
2016-02-08,208489.36941933125,221372.8369468323,6087,34.251580321887836,36.36813486887339,-12883.467527501052,-0.061794361810307674
2016-02-09,84495.16666764012,74682.26681809923,2053,41.15692482593284,36.37713921972686,9812.899849540889,0.11613563516762697
2016-02-10,76661.25003017939,66379.56360437386,1825,42.0061644000983,36.372363618834996,10281.686425805528,0.1341184290858539
2016-02-11,64034.940459509766,55491.33852937348,1525,41.99012489148181,36.38776297008097,8543.601930136283,0.13342093970616759
2016-02-12,148839.97486826516,129583.49206739766,3542,42.021449708714044,36.58483683438669,19256.482800867496,0.1293770898437128
2016-02-13,172541.50792952394,150538.9836831414,4105,42.032036036424834,36.6721032114839,22002.524246382527,0.127520180566462
2016-02-14,87991.66300211854,76378.50463806391,2094,42.02085148143197,36.47493058169241,11613.15836405463,0.13198021230460236
2016-02-15,123445.38155042758,108669.22538125701,2940,41.98822501715224,36.962321558250686,14776.156169170572,0.11969792618879382
2016-02-16,77344.6918736694,68269.24883841071,1841,42.01232584121097,37.08269898881625,9075.443035258693,0.11733763255637537
2016-02-17,158963.02488179517,167521.52586053708,4529,35.09892357734493,36.98863454637604,-8558.500978741911,-0.05383957046052696
2016-02-18,69598.07115293965,61492.9683081792,1658,41.97712373518676,37.08864192290664,8105.102844760448,0.11645585445823246
2016-02-19,161275.60219880517,143446.35832758574,3841,41.98792038500525,37.346096935065276,17829.243871219427,0.11055140162639875
2016-02-20,325215.07679238246,345446.00184870965,9260,35.120418660084496,37.30518378495785,-20230.925056327193,-0.06220783260070882
2016-02-21,96957.29584445807,86455.49437804356,2308,42.00922696900263,37.459053023415755,10501.801466414516,0.10831367949103937
2016-02-22,85224.4770912288,75960.71802194037,2028,42.02390389113846,37.455975355986375,9263.759069288426,0.10869833861663954
2016-02-23,54612.87884153988,49071.80253789717,1301,41.977616327086764,37.718526162872536,5541.076303642709,0.10146098175341073
2016-02-24,81530.61238232465,81738.0564373136,2213,36.84166849630576,36.93540733724067,-207.44405498895503,-0.002544370131996306
2016-02-25,160947.5326401876,162597.49684526818,4404,36.5457612716139,36.920412544338824,-1649.964205080585,-0.010251565699793769
2016-02-26,188736.24741743514,183103.23368799078,4935,38.24442703494126,37.10298554974484,5633.013729444356,0.029845955965128443
2016-02-27,215951.50786707396,210032.7880785589,5609,38.50089282707683,37.4456744657798,5918.719788515067,0.027407633532979335
2016-02-28,134995.8544959426,129938.7057703585,3452,39.106562716089975,37.64157177588601,5057.148725584091,0.037461511277267316
2016-02-29,163079.3780439676,160332.58940603075,4270,38.191891813575545,37.548615785955676,2746.788637936843,0.016843261673442765
2016-03-01,180828.67409182637,182962.33699647625,4719,38.319278256373465,38.771421274947286,-2133.6629046498856,-0.011799361552396238
2016-03-02,171196.17519446637,174428.68089167497,4451,38.4624073678873,39.188649941962474,-3232.505697208602,-0.018881880354725867
2016-03-03,129719.0505263338,131961.9325082891,3364,38.56095437762598,39.22768505002648,-2242.881981955288,-0.017290305262448468
2016-03-04,142127.6420906126,144039.41368270025,3665,38.779711348052544,39.30134070469311,-1911.7715920876653,-0.013451089203807571
2016-03-05,152124.4078943276,153377.51203867735,3889,39.11658727033366,39.438804844092914,-1253.1041443497525,-0.008237364152767743
2016-03-06,74132.78702307428,74332.27948422423,1882,39.39042881141035,39.4964290564422,-199.49246114994457,-0.0026910152600609946
2016-03-07,91143.02860770928,95167.52873204894,2405,37.89730919239471,39.57069801748397,-4024.500124339669,-0.044155874407702744
2016-03-08,60528.093358145,62342.881166359926,1577,38.381796676058975,39.53258158932145,-1814.7878082149255,-0.029982570200531806
2016-03-09,38340.599611080244,35918.3351533292,913,41.99408500665963,39.341002358520484,2422.2644577510437,0.06317753197190534
2016-03-10,37453.006182510246,35108.20010653677,892,41.987675092500275,39.35896872930132,2344.8060759734726,0.06260661866625934
2016-03-11,77997.04501286939,73051.67554254536,1855,42.04692453523956,39.380957165792644,4945.369470324033,0.0634045747439285
2016-03-12,79752.28267802928,74962.81639703603,1897,42.04126656722682,39.516508380092795,4789.466280993249,0.06005428459432277
2016-03-13,37155.58848456025,34962.83050418418,883,42.07880915578737,39.59550453474992,2192.7579803760673,0.059015563198178196
2016-03-14,45046.51321443024,42368.045353504094,1071,42.06023642803944,39.5593327296957,2678.4678609261464,0.059460048509772864
2016-03-15,55489.33275780024,52263.05698822664,1320,42.03737330136382,39.59322499108079,3226.2757695736,0.05814227004054354
2016-03-16,41893.30315800024,39495.45590150327,997,42.01936124172542,39.614298797896964,2397.8472564969707,0.05723700629318986
2016-03-17,34348.504189710126,32292.83760206842,817,42.04223279034287,39.52611701599562,2055.6665876417064,0.059847339385961616
2016-03-18,78276.83121693452,73746.75871153858,1866,41.9489985085394,39.52130691936687,4530.072505395932,0.05787245644680479
2016-03-19,92851.40266007879,87451.56617578123,2211,41.99520699234681,39.552947162271025,5399.836484297557,0.058155680254674304
2016-03-20,54845.78929827025,51625.51171778529,1304,42.059654369839144,39.59011634799485,3220.277580484959,0.058715128758052564
2016-03-21,48037.79990238025,45187.64157572069,1143,42.0278214369031,39.534244598180834,2850.1583266595553,0.059331574977444616
2016-03-22,65905.72326216001,62023.88129770006,1573,41.89810760467896,39.43031233165929,3881.841964459949,0.05889992207533699
2016-03-23,84870.05130086976,81472.82717598933,2065,41.09929845078439,39.45415359612074,3397.224124880435,0.04002853860470825
2016-03-24,262459.5056813039,259298.45661843685,6588,39.839026363282315,39.359207136981915,3161.049062867067,0.012043949616766506
2016-03-25,228124.39802927393,222208.35038080392,5652,40.36171231940445,39.31499475951945,5916.047648470005,0.025933427987438817
2016-03-26,162929.49214412636,161434.81509850454,4103,39.70984453914851,39.34555571496576,1494.677045621822,0.009173766062559383
2016-03-27,58359.83218482013,57681.56988493392,1466,39.80888962129613,39.34622775234237,678.2622998862134,0.011622074198880837
2016-03-28,85605.33192059916,85022.38092018059,2162,39.59543567095243,39.325800610629315,582.9510004185722,0.0068097510673666
2016-03-29,84836.41434212928,84595.21793480593,2155,39.36724563439874,39.25532154747375,241.19640732335392,0.0028430763981921047
2016-03-30,64308.91421652049,68427.59466606575,1746,36.83213872652949,39.19106223715106,-4118.68044954526,-0.06404524939852274
2016-03-31,131168.4855229476,138589.10006426295,3554,36.90728348985582,38.9952448126795,-7420.614541315357,-0.05657315102580139
2016-04-01,232410.19797781546,245358.62998053385,6282,36.99621107574267,39.05740687369211,-12948.432002718386,-0.055713699809138185
2016-04-02,195831.0974571179,205442.82809681172,5259,37.237326004395875,39.06499868735724,-9611.730639693822,-0.04908173811260262
2016-04-03,90716.54788913988,95543.13364619676,2446,37.087713773156125,39.06097041954079,-4826.585757056877,-0.05320513036888489
2016-04-04,131638.01960717636,130700.18894200736,3345,39.353668043998915,39.07330013213972,937.8306651690073,0.007124314601264942
2016-04-05,81910.87261898941,79969.51054529301,2048,39.99554327099092,39.047612570943855,1941.362073696393,0.023700908214306177
2016-04-06,54821.90851370989,50800.008514759305,1303,42.073605919961544,38.986959719692486,4021.899998950583,0.0733630059220719
2016-04-07,155615.4194144664,171592.12587915736,4413,35.262954773275865,38.88332786747278,-15976.706464690971,-0.10266788808465427
2016-04-08,264086.89378035,291378.5798027745,7494,35.2397776595076,38.88158257309507,-27291.68602242449,-0.10334358374150861
2016-04-09,272761.2975426888,298164.41609707446,7738,35.24958613888457,38.532491095512334,-25403.11855438567,-0.09313314895933844
2016-04-10,104689.42791845855,113609.3042530743,2958,35.3919634612774,38.40747270218874,-8919.87633461575,-0.08520321977080002
2016-04-11,131170.59693377637,142022.81259344588,3713,35.327389424663714,38.2501515199154,-10852.215659669513,-0.08273359970411992
2016-04-12,123179.48940038879,132714.9602041004,3504,35.15396386997397,37.875274030850576,-9535.470803711622,-0.0774111895586533
2016-04-13,124431.0463716888,132889.05689693728,3534,35.209690540941935,37.60301553393811,-8458.01052524848,-0.06797347424037165
2016-04-14,162166.83599087514,172225.65270563864,4601,35.24599782457621,37.432221844303115,-10058.816714763496,-0.06202758198556386
2016-04-15,354042.0232398288,373200.30598406313,10045,35.245597136866984,37.1528428057803,-19158.28274423431,-0.05411301903914511
2016-04-16,327352.26139595883,345338.62806920626,9301,35.19538344220609,37.12919342750309,-17986.366673247423,-0.05494498983005793
2016-04-17,164809.30304825393,175167.42875982972,4678,35.230718907279595,37.444939880254324,-10358.12571157579,-0.06284915669198038
2016-04-18,151157.79430871515,159828.76503430534,4294,35.20209462243017,37.22141710160814,-8670.970725590189,-0.057363702382962435
2016-04-19,126895.93649753758,133726.28056152482,3606,35.19022088118069,37.084381741964734,-6830.344063987242,-0.05382634190275892
2016-04-20,166395.44582884014,179020.54245850776,4838,34.39343650864823,37.003005882287674,-12625.09662966762,-0.07587405152094254
2016-04-21,167796.35478000136,182485.09893705396,4914,34.14659234432262,37.13575476944525,-14688.744157052599,-0.08753911356603118
2016-04-22,351146.0169992443,380098.15640387445,10269,34.19476258635157,37.0141353981765,-28952.139404630172,-0.08245042803573216
2016-04-23,420738.8217596446,455415.3493280298,12317,34.15919637571199,36.974535140702265,-34676.52756838518,-0.08241817910540909
2016-04-24,186166.15078643878,202391.17869529044,5453,34.14013401548483,37.11556550436281,-16225.027908851655,-0.087153480051614
2016-04-25,251449.52963919108,273255.0985307931,7372,34.10872621258696,37.06661672962468,-21805.568891602015,-0.08671946582239057
2016-04-26,280321.8107467659,302469.8319752347,8211,34.13978939797417,36.83714918709471,-22148.021228468744,-0.07900926855982884
2016-04-27,313434.9333136646,337931.1169661971,9182,34.13580192917279,36.803650290372154,-24496.18365253252,-0.0781539676945275
2016-04-28,257324.60308093973,276852.1799425774,7520,34.218697218210075,36.815449460449116,-19527.576861637644,-0.07588694057169254
2016-04-29,455554.3360482295,489215.06753789564,13321,34.19820854652274,36.72510078356697,-33660.731489666156,-0.0738896083871376
2016-04-30,556865.2032750524,598925.6678887007,16276,34.21388567676655,36.798087238185104,-42060.464613648364,-0.07553078261360396
2016-05-01,354856.0449220869,380511.1591581091,10388,34.16018915306959,36.62987669985648,-25655.11423602223,-0.07229724448305547
2016-05-02,283284.5812539708,304997.8518168963,8298,34.13889868088344,36.75558590225311,-21713.270562925492,-0.07664826114718568
2016-05-03,297500.67396872584,319786.3594685611,8717,34.12879132370378,36.68536875858221,-22285.685499835236,-0.07490969752282972
2016-05-04,285968.4877825197,305506.9982349475,8364,34.190397869741716,36.52642255319793,-19538.510452427785,-0.06832399822768902
2016-05-05,237946.63267226366,254527.4155055261,6968,34.14848344894714,36.52804470515587,-16580.782833262434,-0.06968277990342488
2016-05-06,340851.5058648595,364361.03286413854,9973,34.177429646531586,36.53474710359356,-23509.52699927904,-0.06897292983825067
2016-05-07,388187.60143352806,414644.62349081144,11363,34.16242202178369,36.490770350331026,-26457.02205728338,-0.06815524751326657
2016-05-08,139178.98405924515,148731.09052730413,4074,34.16273540973126,36.50738599099267,-9552.106468058977,-0.06863181630922723
2016-05-09,66400.30304726951,57741.73890751255,1579,42.05212352581983,36.56854902312384,8658.564139756963,0.1303994672071458
2016-05-10,42723.52445781024,37112.98505699026,1016,42.05071304902583,36.52852859939986,5610.53940081998,0.13132201689868597
2016-05-11,35014.39948113025,30393.74011981647,832,42.08461476097386,36.53093764401018,4620.6593613137775,0.13196454686603767
2016-05-12,27210.406631640122,23570.159155417456,647,42.05626990979926,36.429921414864694,3640.2474762226666,0.13378144345662976
2016-05-13,79840.0882456494,69078.71414454262,1898,42.065378422365335,36.395529054026674,10761.374101106776,0.13478660078626828
2016-05-14,82484.44829204916,71426.0116447103,1961,42.06244176035143,36.42325938027042,11058.43664733885,0.13406692869163309
2016-05-15,51497.23733643001,44611.939679509764,1224,42.07290632061275,36.44766313685438,6885.297656920244,0.13370227245276844
2016-05-16,42871.83286680037,37139.30825688985,1019,42.07245619901901,36.44681870156021,5732.524609910513,0.1337130751493888
2016-05-17,39104.63910246025,33890.36043249631,930,42.04799903490349,36.44124777687775,5214.27866996394,0.13334169013302277
2016-05-18,34406.750005710244,29884.330589367586,818,42.062041571772916,36.533411478444485,4522.419416342658,0.13143988942844367
2016-05-19,39403.658560350246,34229.631915798505,937,42.0529973963183,36.53109062518517,5174.026644551741,0.13130828033714823
2016-05-20,96830.90242373844,83926.00349883473,2302,42.06381512760141,36.45786424797338,12904.898924903711,0.13327252562855418
2016-05-21,99380.3945973283,86179.5133871843,2363,42.05687456509873,36.470382305198605,13200.881210143998,0.13283184539195708
2016-05-22,61656.18133406976,53463.73455783506,1466,42.057422465259044,36.46912316359827,8192.446776234705,0.13287308099484504
2016-05-23,69163.55736557952,59948.43870753554,1644,42.07029036835737,36.464987048379285,9215.118658043975,0.13323662068646058
2016-05-24,113112.86502110964,117414.69892968478,3224,35.08463555245336,36.41895128091959,-4301.833908575136,-0.03803134071241417
2016-05-25,253686.30245358607,268974.57069396524,7392,34.31903442283362,36.38725252894552,-15288.26824037917,-0.06026446084205228
2016-05-26,210305.29194403623,223289.08457385484,6138,34.26283674552562,36.378149979448494,-12983.792629818607,-0.06173783127280358
2016-05-27,364087.4242999305,386499.8964291865,10624,34.27027713666514,36.379884829554456,-22412.472129256,-0.06155794084992316
2016-05-28,397480.3694745255,421674.1018697652,11590,34.29511384594698,36.38257997150692,-24193.7323952397,-0.06086774153708306
2016-05-29,204028.17675735243,216777.31572566376,5959,34.23866030497607,36.378136554063396,-12749.138968311338,-0.062487148446528994
2016-05-30,172797.9351344664,183715.80719950752,5048,34.230969717604275,36.3937811409484,-10917.872065041127,-0.06318288500696002
2016-05-31,258970.65411018487,274386.0154347705,7542,34.33713260543422,36.38106807673966,-15415.361324585625,-0.059525514107196156
2016-06-01,368789.5726219706,391923.65961429186,10761,34.27093881813685,36.42074710661573,-23134.086992321245,-0.06272977521529587
2016-06-02,278071.38656924595,295548.24164090335,8120,34.24524465138497,36.397566704544744,-17476.855071657395,-0.06285024607271224
2016-06-03,373959.36203922686,396324.1786662704,10896,34.320793138695564,36.373364415039504,-22364.816627043532,-0.059805473260748455
2016-06-04,402057.2528885355,426466.1321765913,11726,34.28767293949646,36.36927615355546,-24408.879288055818,-0.06070995887449598
2016-06-05,205719.45323581624,218408.1820732757,6007,34.24662114796342,36.35894490981783,-12688.728837459465,-0.06167977134818831
2016-06-06,177626.95012448638,188629.75422590197,5185,34.25784959006487,36.37989473980752,-11002.80410141559,-0.061943326132124034
2016-06-07,70441.9074122394,60910.748400180244,1675,42.05487009685934,36.36462591055537,9531.15901205915,0.13530523749564305
2016-06-08,162923.84958070016,173292.68113445412,4765,34.1917837525079,36.367823952666136,-10368.83155375396,-0.06364219591201117
2016-06-09,138752.5276097676,143791.47808201626,3953,35.1005635238471,36.375279049333734,-5038.95047224866,-0.03631609858971635
2016-06-10,252458.26223048882,261502.381778564,7190,35.11241477475505,36.37028953804785,-9044.119548075192,-0.03582421691478693
2016-06-11,293917.852481117,311853.52053473576,8577,34.26814183060709,36.35927719887324,-17935.66805361875,-0.06102272421431441
2016-06-12,138350.12182847515,143346.67460602426,3943,35.087527727231844,36.35472346082279,-4996.552777549106,-0.036115275588580784
2016-06-13,130067.27556419636,134950.56648943006,3707,35.08693702837776,36.40425316682764,-4883.290925233698,-0.037544346985445134
2016-06-14,107168.66107649941,111173.15847846522,3054,35.09124462229843,36.40247494383275,-4004.497401965811,-0.03736630990572244
2016-06-15,224030.55444808622,237934.73415063298,6541,34.250199426400584,36.3758957576262,-13904.179702546768,-0.06206376508240412
2016-06-16,201918.22207274396,209095.56974137688,5749,35.12232076408836,36.37077226324176,-7177.347668632923,-0.0355458145132002
2016-06-17,329344.26830316125,341253.32963499136,9385,35.09262315430594,36.36156948694634,-11909.061331830104,-0.03615991677398138
2016-06-18,308642.9772240819,327672.04148404143,9012,34.24800013582799,36.35952524234814,-19029.06425995956,-0.06165396806078637
2016-06-19,134472.40662827637,139385.87617680742,3831,35.10112415251275,36.38367950321258,-4913.469548531051,-0.03653886824613329
2016-06-20,143809.72058396638,148953.9108532149,4097,35.101225429330334,36.35682471398948,-5144.190269248531,-0.03577081054298402
2016-06-21,123252.15105584757,127533.0092765032,3509,35.1245799532196,36.344545248362266,-4280.858220655631,-0.03473252340006548
2016-06-22,40067.15121186024,34559.084522627534,953,42.043180704995,36.26346749488724,5508.066689232706,0.13747088381971784
2016-06-23,143752.73676064878,155659.53374373456,4305,33.392041059384155,36.15784755952022,-11906.796983085776,-0.08282831514304201
2016-06-24,389904.00855466264,422372.5815807003,11667,33.41938875072106,36.20232978320907,-32468.57302603766,-0.08327324755237986
2016-06-25,461280.78558277444,498910.32902054384,13793,33.443107778059485,36.17127013851547,-37629.543437769404,-0.08157622128185736
2016-06-26,221578.6968235614,240449.62229152222,6641,33.36526077752769,36.206839676482794,-18870.925467960828,-0.08516579318537722
2016-06-27,253702.2229766188,274426.0802778933,7593,33.41264625004857,36.141983442367085,-20723.85730127449,-0.08168575370813523
2016-06-28,200616.07618333894,217104.57971570615,6007,33.39704947283818,36.141931033079096,-16488.503532367205,-0.08218934317755622
2016-06-29,211700.81315721016,229023.8107396958,6345,33.36498237308277,36.0951632371467,-17322.997582485637,-0.08182773284683365
2016-06-30,282757.71144459763,305894.1800948237,8482,33.33620743275143,36.0639212561688,-23136.468650226074,-0.08182435956219478
2016-07-01,479010.156707742,517742.1925975364,14344,33.394461566351225,36.094687158222,-38732.03588979441,-0.08085848566552618
2016-07-02,454543.2857587894,490487.0246492626,13609,33.40019735166356,36.04137149307536,-35943.73889047321,-0.07907660285966103
2016-07-03,242185.1807025776,261534.91203924708,7259,33.36343583173682,36.02905524717552,-19349.731336669473,-0.07989642999846659
2016-07-04,281531.68555597885,304052.47699526703,8431,33.39244283667167,36.06363147850398,-22520.79143928818,-0.07999380742815258
2016-07-05,219363.22013563893,237026.35054084624,6577,33.35308197288109,36.03867272933651,-17663.13040520731,-0.08052001786938422
2016-07-06,204005.58223455393,219722.8949500477,6098,33.454506761979985,36.031960470653935,-15717.312715493754,-0.07704354235475228
2016-07-07,69579.06845546977,59598.917800192394,1654,42.067151424105056,36.03320302309093,9980.150655277372,0.14343610624313854
2016-07-08,87184.74002870891,74654.52041929681,2073,42.05727931920352,36.01279325581129,12530.219609412103,0.14372033001745543
2016-07-09,78700.43604833915,67367.38324040257,1871,42.063300934441024,36.006084040835155,11333.052807936576,0.14400241443358233
2016-07-10,39809.55909060037,34091.5696624407,946,42.08198635370018,36.03760006600497,5717.989428159672,0.14363357843643573
2016-07-11,45839.23877019025,39231.195372207745,1090,42.054347495587386,35.99192235982362,6608.043397982503,0.14415691829245178
2016-07-12,36851.76374685037,31574.325469600975,876,42.06822345530864,36.04375053607417,5277.438277249392,0.14320721020307858
2016-07-13,33225.67047177012,28489.081398148788,790,42.057810723759644,36.06212835208707,4736.589073621333,0.1425581186584551
2016-07-14,30423.391456740123,26053.796718671532,723,42.07937960821594,36.035680108812635,4369.59473806859,0.14362615503540557
2016-07-15,80345.63765943915,68788.09453638473,1910,42.065778879287514,36.01470918135326,11557.54312305442,0.14384779883188367
2016-07-16,95297.33862663868,81655.85773085873,2266,42.055312721376296,36.03524171706034,13641.480895779954,0.14314650432395937
2016-07-17,45324.05452767025,38809.808900032534,1078,42.044577483924165,36.00167801487248,6514.2456276377125,0.14372601250095085
2016-07-18,51604.118408790244,44222.78447663398,1227,42.05714621743296,36.04138914151098,7381.333932156267,0.14303769078436443
2016-07-19,37870.119032340364,32436.795965171274,900,42.07791003593374,36.04088440574586,5433.323067169091,0.1434725637521534
2016-07-20,42723.52445781024,36607.39065637653,1016,42.05071304902583,36.030896315331226,6116.133801433716,0.14315611549027135
2016-07-21,35169.91580985013,30133.31863966587,836,42.069277284509724,36.04463952113142,5036.597170184257,0.143207541280882
2016-07-22,61148.20501127964,52384.44748299273,1454,42.05516163086633,36.027818076336125,8763.757528286915,0.1433199474403266
2016-07-23,77171.70180014952,66113.83203755615,1835,42.05542332433216,36.02933626024858,11057.869762593371,0.14328917860629511
2016-07-24,40881.354912270246,35019.112638998406,972,42.05900711138914,36.02789366152099,5862.2422732718405,0.1433964770945576
2016-07-25,43085.59501152025,36887.36617189064,1024,42.075776378437745,36.02281852723695,6198.2288396296135,0.1438584946540097
2016-07-26,43894.99343211024,37604.658419582855,1044,42.045012866005976,36.01978775822113,6290.335012527386,0.1433041565949035
2016-07-27,67780.72888646953,58196.145986195355,1611,42.07369887428276,36.124237111232375,9584.582900274174,0.14140572191733186
2016-07-28,51907.94314650024,44544.63074310132,1234,42.06478374918982,36.09775586961209,7363.3124033989225,0.14185328789887477
2016-07-29,93508.63388636916,80346.69413385824,2223,42.06416279188896,36.14336218347199,13161.939752510923,0.1407564115256479
2016-07-30,95343.59551217893,81874.28886350773,2267,42.05716608389013,36.11569866056803,13469.306648671205,0.1412712262036591
2016-07-31,59514.99233063988,51145.403341245634,1415,42.0600652513356,36.14516137190504,8369.588989394244,0.14062992637042415
2016-08-01,65133.96620015976,55946.05655907712,1548,42.07620555565876,36.140863410256536,9187.909641082639,0.1410617251964629
2016-08-02,70641.25371749989,60629.552999890904,1679,42.073409003871284,36.11051399636147,10011.700717608983,0.14172597725468727
2016-08-03,48442.17147996025,41610.78393994882,1152,42.050496076354385,36.120472170094466,6831.387540011427,0.14102149699951957
2016-08-04,46291.371916890246,39783.36066805456,1101,42.04484279463237,36.133842568623585,6508.011248835683,0.14058799684139664
2016-08-05,73453.14329216964,63386.49259136123,1746,42.06938332884859,36.30383309929051,10066.650700808408,0.13704860336292168
2016-08-06,71508.89795408952,61500.57464854112,1700,42.06405762005266,36.1768086167889,10008.323305548402,0.13995913224636733
2016-08-07,30066.126182850126,25872.488354075816,715,42.050526129860316,36.185298397308834,4193.63782877431,0.13948048389307907
2016-08-08,37726.61590317024,32490.136024940544,897,42.058657640100606,36.220887430257015,5236.479878229697,0.13880067832401752
2016-08-09,30831.694626900247,26577.079448522585,733,42.06233919085982,36.257952862923034,4254.615178377662,0.13799485334372658
2016-08-10,146811.45511516015,155135.62911183573,4282,34.28572048462404,36.22971254363282,-8324.173996675585,-0.05669975813635273
2016-08-11,99867.32961908735,103826.70141247108,2867,34.83339017059203,36.21440579437429,-3959.3717933837324,-0.039646316853424596
2016-08-12,210664.86278147745,220379.2766765564,6082,34.6374322231959,36.23467225855909,-9714.413895078935,-0.04611311904043386
2016-08-13,266271.0390730934,281658.41831912263,7771,34.26470712560718,36.24480997543722,-15387.379246029246,-0.05778840725447913
2016-08-14,123084.03906941514,129601.52722661885,3576,34.419474012699986,36.24203781505002,-6517.488157203712,-0.052951529755438674
2016-08-15,162727.52477714515,168580.17057143938,4649,35.00269407983333,36.261598316076444,-5852.645794294222,-0.03596592403349957
2016-08-16,114708.94599404662,119758.06170346799,3302,34.739232584508365,36.268340915647485,-5049.11570942137,-0.044016756196883014
2016-08-17,122318.90746898638,128298.34345694912,3536,34.59245120729253,36.28346817221412,-5979.435987962745,-0.04888398786163794
2016-08-18,112010.34453149686,117374.19157936038,3236,34.613827111092974,36.27138182304091,-5363.847047863528,-0.04788706855870117
2016-08-19,229861.47028057987,241090.13355630502,6646,34.58643850144145,36.27597555767454,-11228.66327572515,-0.048849697437412666
2016-08-20,249981.24969419473,262145.17733741977,7220,34.623441785899544,36.308196307121854,-12163.927643225034,-0.04865936008442762
2016-08-21,136480.24911670017,143734.2272151709,3958,34.482124587342135,36.31486286386329,-7253.978098470718,-0.053150387293534745
2016-08-22,127369.80261433138,133350.1613822288,3672,34.68676541784624,36.315403426532896,-5980.358767897429,-0.04695272070104105
2016-08-23,43537.72815822025,37649.38752799952,1035,42.065437834029225,36.37621983381596,5888.3406302207295,0.1352468509340207
2016-08-24,120407.41326786332,127699.41591139579,3549,33.92713814253686,35.98180217283623,-7292.002643532469,-0.06056107714323518
2016-08-25,226375.54313479608,240429.6855472034,6647,34.056799027350095,36.171157747435444,-14054.142412407324,-0.06208330731221587
2016-08-26,337900.1782335956,358772.2503641095,9908,34.103772530641464,36.210360351646095,-20872.0721305139,-0.061769935250181235
2016-08-27,355069.54010681686,376755.564483526,10393,34.16429713334137,36.25089622664543,-21686.02437670913,-0.06107542868978636
2016-08-28,153893.68522805016,163401.3291540589,4507,34.14548152386292,36.25500979677366,-9507.64392600875,-0.06178059815722572
2016-08-29,159625.74092242515,169479.10605406525,4672,34.166468519354694,36.27549359033931,-9853.365131640108,-0.061727921040182626
2016-08-30,133961.96699285138,142299.91779184836,3924,34.13913531927915,36.26399535979826,-8337.950798996986,-0.06224117924038787
2016-08-31,236305.15636647624,250572.45338779487,6918,34.15801624262449,36.220360420323054,-14267.297021318635,-0.06037657933791361
2016-09-01,313491.73511881445,333030.87570402725,9183,34.138270186084554,36.266021529350674,-19539.140585212794,-0.06232745044397228
2016-09-02,370355.0017342406,392493.08269182255,10830,34.19713774092711,36.24128187366782,-22138.08095758193,-0.05977529898048407
2016-09-03,369091.0553924981,391842.5013978032,10800,34.1750977215276,36.28171309238918,-22751.4460053051,-0.06164182434903713
2016-09-04,209026.01967195864,222163.72890927366,6119,34.16016010327809,36.307195441946995,-13137.709237315023,-0.06285202798165074
2016-09-05,228177.31678002988,242589.58721854398,6685,34.13273250262227,36.28864431092655,-14412.270438514097,-0.06316259057602987
2016-09-06,154494.78204917017,164108.82644458604,4519,34.18782519344328,36.315296845449446,-9614.044395415869,-0.06222892623231807
2016-09-07,50736.47417220013,43830.1968528723,1206,42.07004491890558,36.3434468100102,6906.277319327826,0.13612056083928592
2016-09-08,43292.149236510246,37391.68088945611,1029,42.072059510699944,36.33788230267844,5900.468347054135,0.13629418846403682
2016-09-09,77335.91859763415,69612.12670188746,1917,40.34215889287123,36.31305513922142,7723.79189574669,0.09987328056361866
2016-09-10,85070.23488973391,76591.852917485,2108,40.355898904048345,36.333896070913184,8478.381972248913,0.09966331917665912
2016-09-11,48831.66610537024,44014.232018730225,1211,40.32342370385651,36.345360874261125,4817.434086640016,0.09865389553255938
2016-09-12,52075.15717660012,46884.14250808781,1291,40.33706985019374,36.31614446792239,5191.014668512311,0.09968313011342929
2016-09-13,30424.726256690126,27398.588126893694,755,40.29765067111275,36.28952069787244,3026.1381297964326,0.09946311773737034
2016-09-14,20495.113025005,18375.05260769784,508,40.3447106791437,36.17136340098,2120.0604173071624,0.10344224082690294
2016-09-15,40742.17168112024,36464.759814940684,1010,40.33878384269331,36.10372258905018,4277.411866179558,0.1049873310548562
2016-09-16,69864.83699021953,62545.19068453311,1733,40.314389492336716,36.09070437653382,7319.646305686416,0.10476867364209413
2016-09-17,100120.71105323294,89572.40761502521,2482,40.338723228538655,36.088802423458986,10548.303438207731,0.1053558582159822
2016-09-18,49825.09703543013,44593.79688339527,1235,40.34420812585436,36.10833755740508,5231.300152034863,0.10499327574444937
2016-09-19,46566.462052040246,41660.44042608371,1155,40.317283161939606,36.069645390548665,4906.021625956535,0.1053552580497488
2016-09-20,37923.76585578537,34031.14948711513,940,40.3444317614738,36.203350518207586,3892.616368670242,0.10264319169865387
2016-09-21,50084.812702065254,44832.21259897724,1241,40.35843086387208,36.125876389183915,5252.600103088014,0.10487410893065839
2016-09-22,41885.82827828037,37565.47859092765,1039,40.31359795792144,36.15541731561852,4320.349687352726,0.10314585779823328
2016-09-23,147503.57315832516,131964.51579369855,3657,40.33458385516138,36.08545687549864,15539.057364626613,0.10534698944511353
2016-09-24,151639.18384341136,135498.16319719428,3758,40.35103348680451,36.05592421426139,16141.020646217075,0.1064436001112017
2016-09-25,72457.29758765452,64758.50417358045,1797,40.32125630921231,36.03700844383998,7698.793414074076,0.1062528367796292
2016-09-26,67355.06118241463,60179.02084931651,1671,40.30823529767483,36.0137766901954,7176.040333098121,0.1065404767974834
2016-09-27,58941.792828474885,52812.7825145229,1462,40.31586376776668,36.12365425069966,6129.010313951985,0.1039841175477623
2016-09-28,58796.785015724636,57168.56049843288,1581,37.189617340749294,36.159747310836735,1628.2245172917537,0.027692407277988086
2016-09-29,57019.38967139464,55187.3839062719,1534,37.170397438979556,35.97613031699602,1832.0057651227398,0.03212952253050538
2016-09-30,155918.38259948257,151036.44551858705,4216,36.9825385672397,35.824583851657266,4881.937080895528,0.031310849942793914
2016-10-01,208489.09032479016,201416.83759006465,5632,37.01865950369143,35.76293281073591,7072.252734725509,0.033921452310565293
2016-10-02,118580.4725762977,113346.95726852612,3173,37.371721580932146,35.722331316900764,5233.51530777158,0.044134714545046215
2016-10-03,142758.88112151137,126506.34468214824,3540,40.32736754844954,35.73625555992888,16252.536439363132,0.11384606205710972
2016-10-04,96620.9869297833,85491.83324442239,2397,40.30913096778611,35.666179910063576,11129.153685360914,0.11518360595352567
2016-10-05,78861.59494048428,69675.42915398542,1955,40.33841173426306,35.63960570536339,9186.165786498867,0.11648465635816184
2016-10-06,70279.47439286964,61976.3057914763,1740,40.390502524637725,35.618566546825456,8303.168601393343,0.11814500141218699
2016-10-07,87748.86289121355,77446.6094358004,2176,40.32576419632976,35.591272718658274,10302.253455413142,0.11740611919023199
2016-10-08,92053.32576997319,81209.24834701055,2283,40.321211462975555,35.57128705519516,10844.07742296264,0.1178021253687269
2016-10-09,51751.38324691001,45607.23409969739,1284,40.30481561285826,35.519652725621015,6144.149147212622,0.11872434632130299
2016-10-10,50934.98319385512,44983.77730244202,1263,40.32856943298109,35.61660910723833,5951.205891413105,0.11683926288467035
2016-10-11,36113.934872670245,31885.28845033081,896,40.30573088467661,35.58625943117278,4228.646422339436,0.11709182168181642
2016-10-12,31023.359765175122,27817.642466410718,768,40.39499969423844,36.22088862813896,3205.7172987644044,0.10333237028579159
2016-10-13,22334.212530660003,19704.093150736488,521,42.86797030836853,37.81975652732531,2630.119379923515,0.11776190346146903
2016-10-14,69440.92879519025,62070.75118430003,1618,42.91775574486419,38.36263979252165,7370.1776108902195,0.10613593076538323
2016-10-15,92159.02979147158,83371.81702135009,2147,42.924559753829335,38.83177318181187,8787.212770121492,0.09534836456074175
2016-10-16,57296.28785375024,52701.29461381235,1335,42.91856768071179,39.476625178885655,4594.993239937889,0.08019704961806055
2016-10-17,57184.94126883025,51764.93737177276,1332,42.931637589211896,38.86256559442399,5420.00389705749,0.09478026516767216
2016-10-18,40951.10427692964,37288.62454527868,954,42.92568582487384,39.08660853802797,3662.4797316509575,0.08943543272688412
2016-10-19,37672.447294289756,33678.45927128807,877,42.956040244344074,38.40189198550521,3993.988023001686,0.10601880976304609
2016-10-20,38648.137519559634,35038.06869162933,906,42.65798843218503,38.67336500179837,3610.0688279303067,0.0934086105987195
2016-10-21,96020.54537409684,86810.2775334347,2249,42.69477339888699,38.599500904150595,9210.267840662142,0.0959197618049227
2016-10-22,105662.59415837255,95930.01651468943,2472,42.743767863419315,38.80664098490673,9732.577643683122,0.09210996304988908
2016-10-23,54738.48351683513,49990.51928931798,1280,42.764440247527446,39.05509319477967,4747.96422751715,0.08673905308423253
2016-10-24,40131.573511264636,36347.698715160215,940,42.693163309856,38.66776459059597,3783.874796104421,0.0942867290025973
2016-10-25,70402.99192642537,63452.76103781372,1650,42.66847995540932,38.456218810796194,6950.230888611652,0.09872067505135278
2016-10-26,62501.74069876025,56100.874288607934,1467,42.60514021728715,38.24190476387726,6400.866410152317,0.10241101029493857
2016-10-27,53675.2182803,48201.94097574902,1257,42.701048751233095,38.34681064100956,5473.277304550982,0.10197028498270302
2016-10-28,102606.32698194706,92657.69952509602,2405,42.66375342284701,38.52710998964491,9948.627456851042,0.09695920075768272
2016-10-29,124988.15546718866,113187.84602297534,2929,42.672637578418794,38.643853200059866,11800.309444213315,0.09441142162715635
2016-10-30,67521.03748892537,61233.71887418509,1582,42.6808075151235,38.70652267647604,6287.318614740281,0.09311643968402457
2016-10-31,70020.59600984037,62316.15133820178,1639,42.72153508837118,38.02083669200841,7704.444671638594,0.11003112099411216
2016-11-01,126954.17017899743,110698.74289754208,2971,42.73112426085407,37.25975863262944,16255.427281455355,0.12804169613756067
2016-11-02,97558.24705104147,86203.87520371946,2284,42.713768411139,37.74250227833602,11354.371847322007,0.1163855664747801
2016-11-03,97039.00987049159,89413.41596601909,2266,42.82392315555675,39.45870077935529,7625.593904472495,0.07858276701967203
2016-11-04,168349.2653229361,156675.59012440423,3938,42.74994040704319,39.78557392696908,11673.675198531855,0.0693420026285165
2016-11-05,202017.4219781323,189394.69373774898,4720,42.800301266553454,40.12599443596377,12622.728240383323,0.06248336463649007
2016-11-06,108459.00005362219,102250.16777596818,2537,42.750886895397,40.30357421204894,6208.832277654015,0.05724589268372717
2016-11-07,112536.37705725255,105978.48247831277,2621,42.93642772119517,40.434369507177706,6557.894578939784,0.058273553409343135
2016-11-08,100479.92998887182,94692.47928942801,2341,42.92179837200847,40.449585343625806,5787.4506994438125,0.05759807655205148
2016-11-09,81649.68867241085,77081.66057395043,1901,42.9509146093692,40.547954010494706,4568.028098460418,0.05594666890633153
2016-11-10,71529.1626442405,67551.25097109293,1666,42.93467145512635,40.54696937040392,3977.911673147566,0.05561244569480314
2016-11-11,160938.60161507488,152555.41733723058,3748,42.93986169025477,40.703152971512964,8383.184277844295,0.05208933216590752
2016-11-12,164998.84464116488,156263.14947390973,3843,42.93490622981131,40.661761507652805,8735.695167255151,0.05294397779725858
2016-11-13,97946.78304739682,93112.60890927333,2281,42.940281914685144,40.82095962703785,4834.17413812349,0.0493551088429746
2016-11-14,87834.25368438134,83068.26902650717,2046,42.92974275873966,40.600326992427746,4765.984657874171,0.05426111634078422
2016-11-15,95509.13497507002,88104.20453040046,2181,43.79144198765246,40.39624233397545,7404.9304446695605,0.07753112251097667
2016-11-16,77229.97188523952,71428.8700021723,1763,43.80599653161629,40.515524675083554,5801.101883067211,0.07511464450210346
